id,nsensor,lat,lon,grupo,gdesc,x,y,gr,gg,gb,sensor_id,datatype
1094,648,-34.623806,-58.38013,0,Grupo id: 0,1814,1467,65,18,115,59,1094
1095,341,-34.625923,-58.379444,0,Grupo id: 0,1822,1497,65,18,115,59,1095
1096,407,-34.628395,-58.378674,0,Grupo id: 0,1831,1532,65,18,115,59,1096
1097,283,-34.631573,-58.378414,0,Grupo id: 0,1834,1577,65,18,115,59,1097
1098,318,-34.63369,-58.377815,0,Grupo id: 0,1841,1607,65,18,115,59,1098
1099,573,-34.636795,-58.37687,0,Grupo id: 0,1852,1651,65,18,115,59,1099
1100,0,-34.63983,-58.376266,0,Grupo id: 0,1859,1694,65,18,115,59,1100
1101,690,-34.642654,-58.375668,0,Grupo id: 0,1866,1734,65,18,115,59,1101
1102,1,-34.645195,-58.375065,0,Grupo id: 0,1873,1770,65,18,115,59,1102
1103,272,-34.64802,-58.37395,0,Grupo id: 0,1886,1810,65,18,115,59,1103
1104,681,-34.649857,-58.373093,0,Grupo id: 0,1896,1836,65,18,115,59,1104
1105,228,-34.652115,-58.37206,0,Grupo id: 0,1908,1868,65,18,115,59,1105
1106,391,-34.654373,-58.37129,0,Grupo id: 0,1917,1900,65,18,115,59,1106
9,916,-34.621548,-58.38039,1,Grupo id: 1,1811,1435,20,50,61,60,10009
10,556,-34.620415,-58.380478,1,Grupo id: 1,1810,1419,20,50,61,60,10010
11,315,-34.619076,-58.380478,1,Grupo id: 1,1810,1400,20,50,61,60,10011
12,981,-34.618015,-58.38056,1,Grupo id: 1,1809,1385,20,50,61,60,10012
13,605,-34.617027,-58.38065,1,Grupo id: 1,1808,1371,20,50,61,60,10013
14,241,-34.61583,-58.380733,1,Grupo id: 1,1807,1354,20,50,61,60,10014
15,196,-34.61477,-58.380733,1,Grupo id: 1,1807,1339,20,50,61,60,10015
16,281,-34.61371,-58.38082,1,Grupo id: 1,1806,1324,20,50,61,60,10016
17,272,-34.612087,-58.38082,1,Grupo id: 1,1806,1301,20,50,61,60,10017
18,987,-34.611168,-58.380905,1,Grupo id: 1,1805,1288,20,50,61,60,10018
19,964,-34.61032,-58.38082,1,Grupo id: 1,1806,1276,20,50,61,60,10019
20,974,-34.6094,-58.380905,1,Grupo id: 1,1805,1263,20,50,61,60,10020
21,596,-34.608555,-58.380905,1,Grupo id: 1,1805,1251,20,50,61,60,10021
22,461,-34.607708,-58.380993,1,Grupo id: 1,1804,1239,20,50,61,60,10022
23,670,-34.60686,-58.381077,1,Grupo id: 1,1803,1227,20,50,61,60,10023
24,417,-34.60559,-58.38125,1,Grupo id: 1,1801,1209,20,50,61,60,10024
25,694,-34.60446,-58.381165,1,Grupo id: 1,1802,1193,20,50,61,60,10025
26,848,-34.603333,-58.381077,1,Grupo id: 1,1803,1177,20,50,61,60,10026
27,26,-34.602486,-58.38142,1,Grupo id: 1,1799,1165,20,50,61,60,10027
28,514,-34.60164,-58.38142,1,Grupo id: 1,1799,1153,20,50,61,60,10028
29,876,-34.60051,-58.38142,1,Grupo id: 1,1799,1137,20,50,61,60,10029
30,497,-34.59966,-58.381508,1,Grupo id: 1,1798,1125,20,50,61,60,10030
31,78,-34.598602,-58.38159,1,Grupo id: 1,1797,1110,20,50,61,60,10031
32,80,-34.597614,-58.38159,1,Grupo id: 1,1797,1096,20,50,61,60,10032
33,166,-34.596413,-58.381763,1,Grupo id: 1,1795,1079,20,50,61,60,10033
34,493,-34.59493,-58.381935,1,Grupo id: 1,1793,1058,20,50,61,60,10034
35,787,-34.59373,-58.38185,1,Grupo id: 1,1794,1041,20,50,61,60,10035
36,314,-34.59218,-58.381763,1,Grupo id: 1,1795,1019,20,50,61,60,10036
37,491,-34.590553,-58.381763,1,Grupo id: 1,1795,996,20,50,61,60,10037
38,718,-34.589565,-58.38159,1,Grupo id: 1,1797,982,20,50,61,60,10038
39,108,-34.621475,-58.38125,2,Grupo id: 2,1801,1434,6,149,100,61,20039
40,463,-34.620346,-58.38125,2,Grupo id: 2,1801,1418,6,149,100,61,20040
41,518,-34.619217,-58.381336,2,Grupo id: 2,1800,1402,6,149,100,61,20041
42,440,-34.618088,-58.381336,2,Grupo id: 2,1800,1386,6,149,100,61,20042
43,146,-34.6171,-58.38142,2,Grupo id: 2,1799,1372,6,149,100,61,20043
44,677,-34.61597,-58.38142,2,Grupo id: 2,1799,1356,6,149,100,61,20044
45,963,-34.614838,-58.381508,2,Grupo id: 2,1798,1340,6,149,100,61,20045
46,219,-34.61371,-58.38159,2,Grupo id: 2,1797,1324,6,149,100,61,20046
47,591,-34.611946,-58.381508,2,Grupo id: 2,1798,1299,6,149,100,61,20047
48,120,-34.61124,-58.38168,2,Grupo id: 2,1796,1289,6,149,100,61,20048
49,132,-34.610107,-58.38168,2,Grupo id: 2,1796,1273,6,149,100,61,20049
50,449,-34.60926,-58.38168,2,Grupo id: 2,1796,1261,6,149,100,61,20050
51,916,-34.60785,-58.38185,2,Grupo id: 2,1794,1241,6,149,100,61,20051
52,188,-34.606934,-58.38185,2,Grupo id: 2,1794,1228,6,149,100,61,20052
53,324,-34.605522,-58.382023,2,Grupo id: 2,1792,1208,6,149,100,61,20053
54,96,-34.60439,-58.382195,2,Grupo id: 2,1790,1192,6,149,100,61,20054
55,379,-34.602978,-58.382366,2,Grupo id: 2,1788,1172,6,149,100,61,20055
56,272,-34.60192,-58.382195,2,Grupo id: 2,1790,1157,6,149,100,61,20056
57,417,-34.60065,-58.38228,2,Grupo id: 2,1789,1139,6,149,100,61,20057
58,819,-34.59973,-58.38228,2,Grupo id: 2,1789,1126,6,149,100,61,20058
59,299,-34.59846,-58.382366,2,Grupo id: 2,1788,1108,6,149,100,61,20059
60,496,-34.59726,-58.38245,2,Grupo id: 2,1787,1091,6,149,100,61,20060
61,705,-34.596203,-58.382538,2,Grupo id: 2,1786,1076,6,149,100,61,20061
62,5,-34.595284,-58.38271,2,Grupo id: 2,1784,1063,6,149,100,61,20062
63,377,-34.59366,-58.38262,2,Grupo id: 2,1785,1040,6,149,100,61,20063
64,996,-34.592247,-58.382366,2,Grupo id: 2,1788,1020,6,149,100,61,20064
65,217,-34.590553,-58.382195,2,Grupo id: 2,1790,996,6,149,100,61,20065
66,462,-34.589565,-58.382195,2,Grupo id: 2,1790,982,6,149,100,61,20066
67,985,-34.616745,-58.367165,3,Grupo id: 3,1965,1367,114,93,32,62,30067
68,910,-34.616817,-58.368195,3,Grupo id: 3,1953,1368,114,93,32,62,30068
69,447,-34.61696,-58.369915,3,Grupo id: 3,1933,1370,114,93,32,62,30069
70,853,-34.61696,-58.372147,3,Grupo id: 3,1907,1370,114,93,32,62,30070
71,521,-34.61696,-58.373608,3,Grupo id: 3,1890,1370,114,93,32,62,30071
72,753,-34.6171,-58.375153,3,Grupo id: 3,1872,1372,114,93,32,62,30072
73,286,-34.61717,-58.376354,3,Grupo id: 3,1858,1373,114,93,32,62,30073
74,927,-34.61731,-58.37807,3,Grupo id: 3,1838,1375,114,93,32,62,30074
75,118,-34.61745,-58.37953,3,Grupo id: 3,1821,1377,114,93,32,62,30075
76,203,-34.61745,-58.382195,3,Grupo id: 3,1790,1377,114,93,32,62,30076
77,230,-34.617523,-58.38374,3,Grupo id: 3,1772,1378,114,93,32,62,30077
78,665,-34.61759,-58.385372,3,Grupo id: 3,1753,1379,114,93,32,62,30078
79,45,-34.617664,-58.386745,3,Grupo id: 3,1737,1380,114,93,32,62,30079
80,831,-34.617733,-58.38812,3,Grupo id: 3,1721,1381,114,93,32,62,30080
81,675,-34.617874,-58.390007,3,Grupo id: 3,1699,1383,114,93,32,62,30081
82,543,-34.617874,-58.391125,3,Grupo id: 3,1686,1383,114,93,32,62,30082
83,489,-34.617947,-58.392586,3,Grupo id: 3,1669,1384,114,93,32,62,30083
84,96,-34.618015,-58.39413,3,Grupo id: 3,1651,1385,114,93,32,62,30084
85,190,-34.618088,-58.39516,3,Grupo id: 3,1639,1386,114,93,32,62,30085
86,106,-34.61823,-58.396877,3,Grupo id: 3,1619,1388,114,93,32,62,30086
87,370,-34.618298,-58.398422,3,Grupo id: 3,1601,1389,114,93,32,62,30087
88,245,-34.61837,-58.399628,3,Grupo id: 3,1587,1390,114,93,32,62,30088
89,702,-34.61844,-58.40083,3,Grupo id: 3,1573,1391,114,93,32,62,30089
90,617,-34.61851,-58.40186,3,Grupo id: 3,1561,1392,114,93,32,62,30090
91,257,-34.61858,-58.4028,3,Grupo id: 3,1550,1393,114,93,32,62,30091
92,412,-34.61237,-58.368282,4,Grupo id: 4,1952,1305,114,117,233,63,40092
93,62,-34.61251,-58.370087,4,Grupo id: 4,1931,1307,114,117,233,63,40093
94,554,-34.61251,-58.371117,4,Grupo id: 4,1919,1307,114,117,233,63,40094
95,583,-34.61272,-58.373093,4,Grupo id: 4,1896,1310,114,117,233,63,40095
96,378,-34.612793,-58.374207,4,Grupo id: 4,1883,1311,114,117,233,63,40096
97,234,-34.612934,-58.375324,4,Grupo id: 4,1870,1313,114,117,233,63,40097
98,236,-34.613003,-58.37704,4,Grupo id: 4,1850,1314,114,117,233,63,40098
99,527,-34.613075,-58.37833,4,Grupo id: 4,1835,1315,114,117,233,63,40099
100,883,-34.613144,-58.379616,4,Grupo id: 4,1820,1316,114,117,233,63,40100
101,215,-34.627125,-58.36768,5,Grupo id: 5,1959,1514,2,217,34,64,50101
102,34,-34.625996,-58.36785,5,Grupo id: 5,1957,1498,2,217,34,64,50102
103,33,-34.6243,-58.36794,5,Grupo id: 5,1956,1474,2,217,34,64,50103
104,418,-34.62324,-58.368023,5,Grupo id: 5,1955,1459,2,217,34,64,50104
105,835,-34.620842,-58.368282,5,Grupo id: 5,1952,1425,2,217,34,64,50105
106,71,-34.61971,-58.368454,5,Grupo id: 5,1950,1409,2,217,34,64,50106
107,429,-34.61858,-58.368626,5,Grupo id: 5,1948,1393,2,217,34,64,50107
108,538,-34.61724,-58.36871,5,Grupo id: 5,1947,1374,2,217,34,64,50108
109,50,-34.61618,-58.369057,5,Grupo id: 5,1943,1359,2,217,34,64,50109
110,738,-34.614838,-58.369057,5,Grupo id: 5,1943,1340,2,217,34,64,50110
111,545,-34.61378,-58.36914,5,Grupo id: 5,1942,1325,2,217,34,64,50111
112,899,-34.61272,-58.36914,5,Grupo id: 5,1942,1310,2,217,34,64,50112
113,880,-34.61145,-58.369312,5,Grupo id: 5,1940,1292,2,217,34,64,50113
114,531,-34.61018,-58.369312,5,Grupo id: 5,1940,1274,2,217,34,64,50114
115,194,-34.609474,-58.36923,5,Grupo id: 5,1941,1264,2,217,34,64,50115
116,370,-34.60919,-58.368282,5,Grupo id: 5,1952,1260,2,217,34,64,50116
117,497,-34.60686,-58.368626,5,Grupo id: 5,1948,1227,2,217,34,64,50117
118,250,-34.60559,-58.369827,5,Grupo id: 5,1934,1209,2,217,34,64,50118
119,587,-34.60446,-58.369915,5,Grupo id: 5,1933,1193,2,217,34,64,50119
120,951,-34.603333,-58.370087,5,Grupo id: 5,1931,1177,2,217,34,64,50120
121,641,-34.602062,-58.37017,5,Grupo id: 5,1930,1159,2,217,34,64,50121
122,297,-34.600792,-58.370342,5,Grupo id: 5,1928,1141,2,217,34,64,50122
123,666,-34.5998,-58.3706,5,Grupo id: 5,1925,1127,2,217,34,64,50123
124,447,-34.598885,-58.370857,5,Grupo id: 5,1922,1114,2,217,34,64,50124
125,511,-34.597683,-58.371372,5,Grupo id: 5,1916,1097,2,217,34,64,50125
126,367,-34.596413,-58.371975,5,Grupo id: 5,1909,1079,2,217,34,64,50126
127,339,-34.59486,-58.37275,5,Grupo id: 5,1900,1057,2,217,34,64,50127
128,325,-34.594013,-58.373093,5,Grupo id: 5,1896,1045,2,217,34,64,50128
129,575,-34.603897,-58.38288,6,Grupo id: 6,1782,1185,47,77,181,65,60129
130,519,-34.60404,-58.38494,6,Grupo id: 6,1758,1187,47,77,181,65,60130
131,121,-34.60418,-58.38623,6,Grupo id: 6,1743,1189,47,77,181,65,60131
132,845,-34.604248,-58.387688,6,Grupo id: 6,1726,1190,47,77,181,65,60132
133,104,-34.60432,-58.38915,6,Grupo id: 6,1709,1191,47,77,181,65,60133
134,208,-34.60446,-58.390522,6,Grupo id: 6,1693,1193,47,77,181,65,60134
135,178,-34.60446,-58.391552,6,Grupo id: 6,1681,1193,47,77,181,65,60135
136,204,-34.604603,-58.393787,6,Grupo id: 6,1655,1195,47,77,181,65,60136
137,458,-34.60467,-58.395332,6,Grupo id: 6,1637,1196,47,77,181,65,60137
138,211,-34.604744,-58.39645,6,Grupo id: 6,1624,1197,47,77,181,65,60138
139,976,-34.604744,-58.397907,6,Grupo id: 6,1607,1197,47,77,181,65,60139
140,470,-34.604813,-58.399025,6,Grupo id: 6,1594,1198,47,77,181,65,60140
141,643,-34.604813,-58.400658,6,Grupo id: 6,1575,1198,47,77,181,65,60141
142,876,-34.604885,-58.40203,6,Grupo id: 6,1559,1199,47,77,181,65,60142
143,861,-34.604885,-58.403404,6,Grupo id: 6,1543,1199,47,77,181,65,60143
144,970,-34.604813,-58.40495,6,Grupo id: 6,1525,1198,47,77,181,65,60144
145,157,-34.60467,-58.40624,6,Grupo id: 6,1510,1196,47,77,181,65,60145
146,109,-34.60453,-58.40744,6,Grupo id: 6,1496,1194,47,77,181,65,60146
147,272,-34.60432,-58.40873,6,Grupo id: 6,1481,1191,47,77,181,65,60147
148,818,-34.60418,-58.410103,6,Grupo id: 6,1465,1189,47,77,181,65,60148
149,524,-34.60418,-58.411304,6,Grupo id: 6,1451,1189,47,77,181,65,60149
150,905,-34.604248,-58.412506,6,Grupo id: 6,1437,1190,47,77,181,65,60150
151,861,-34.604248,-58.413624,6,Grupo id: 6,1424,1190,47,77,181,65,60151
152,580,-34.60418,-58.414654,6,Grupo id: 6,1412,1189,47,77,181,65,60152
153,496,-34.603966,-58.416115,6,Grupo id: 6,1395,1186,47,77,181,65,60153
154,159,-34.603683,-58.417316,6,Grupo id: 6,1381,1182,47,77,181,65,60154
155,510,-34.603474,-58.41895,6,Grupo id: 6,1362,1179,47,77,181,65,60155
156,143,-34.6034,-58.420406,6,Grupo id: 6,1345,1178,47,77,181,65,60156
157,415,-34.60319,-58.42204,6,Grupo id: 6,1326,1175,47,77,181,65,60157
158,295,-34.599026,-58.403748,7,Grupo id: 7,1539,1116,114,101,248,66,70158
159,286,-34.600365,-58.40418,7,Grupo id: 7,1534,1135,114,101,248,66,70159
160,682,-34.601143,-58.40435,7,Grupo id: 7,1532,1146,114,101,248,66,70160
161,795,-34.602837,-58.404865,7,Grupo id: 7,1526,1170,114,101,248,66,70161
162,37,-34.603542,-58.405037,7,Grupo id: 7,1524,1180,114,101,248,66,70162
163,79,-34.605026,-58.40538,7,Grupo id: 7,1520,1201,114,101,248,66,70163
164,130,-34.606155,-58.405636,7,Grupo id: 7,1517,1217,114,101,248,66,70164
165,632,-34.607285,-58.405895,7,Grupo id: 7,1514,1233,114,101,248,66,70165
166,92,-34.608486,-58.405807,7,Grupo id: 7,1515,1250,114,101,248,66,70166
167,830,-34.609615,-58.405724,7,Grupo id: 7,1516,1266,114,101,248,66,70167
168,843,-34.599167,-58.404263,8,Grupo id: 8,1533,1118,152,104,18,67,80168
169,264,-34.600365,-58.404694,8,Grupo id: 8,1528,1135,152,104,18,67,80169
170,26,-34.60164,-58.405037,8,Grupo id: 8,1524,1153,152,104,18,67,80170
171,96,-34.60291,-58.40538,8,Grupo id: 8,1520,1171,152,104,18,67,80171
172,190,-34.604248,-58.405724,8,Grupo id: 8,1516,1190,152,104,18,67,80172
173,137,-34.605236,-58.405895,8,Grupo id: 8,1514,1204,152,104,18,67,80173
174,929,-34.606438,-58.40615,8,Grupo id: 8,1511,1221,152,104,18,67,80174
175,400,-34.607567,-58.40641,8,Grupo id: 8,1508,1237,152,104,18,67,80175
176,221,-34.608627,-58.406322,8,Grupo id: 8,1509,1252,152,104,18,67,80176
177,869,-34.609756,-58.40624,8,Grupo id: 8,1510,1268,152,104,18,67,80177
178,189,-34.60778,-58.374294,9,Grupo id: 9,1882,1240,201,254,148,68,90178
179,827,-34.60792,-58.37584,9,Grupo id: 9,1864,1242,201,254,148,68,90179
180,118,-34.60799,-58.376957,9,Grupo id: 9,1851,1243,201,254,148,68,90180
181,802,-34.608063,-58.378242,9,Grupo id: 9,1836,1244,201,254,148,68,90181
182,421,-34.608204,-58.379704,9,Grupo id: 9,1819,1246,201,254,148,68,90182
183,896,-34.608345,-58.382366,9,Grupo id: 9,1788,1248,201,254,148,68,90183
184,819,-34.608414,-58.38391,9,Grupo id: 9,1770,1249,201,254,148,68,90184
185,253,-34.608486,-58.3852,9,Grupo id: 9,1755,1250,201,254,148,68,90185
186,754,-34.608555,-58.38606,9,Grupo id: 9,1745,1251,201,254,148,68,90186
187,342,-34.608627,-58.38726,9,Grupo id: 9,1731,1252,201,254,148,68,90187
188,91,-34.608837,-58.388634,9,Grupo id: 9,1715,1255,201,254,148,68,90188
189,65,-34.60891,-58.390007,9,Grupo id: 9,1699,1256,201,254,148,68,90189
190,74,-34.60898,-58.391125,9,Grupo id: 9,1686,1257,201,254,148,68,90190
191,784,-34.60912,-58.39284,9,Grupo id: 9,1666,1259,201,254,148,68,90191
192,991,-34.60912,-58.394302,9,Grupo id: 9,1649,1259,201,254,148,68,90192
193,219,-34.60926,-58.395676,9,Grupo id: 9,1633,1261,201,254,148,68,90193
194,439,-34.609333,-58.39722,9,Grupo id: 9,1615,1262,201,254,148,68,90194
195,487,-34.609543,-58.398766,9,Grupo id: 9,1597,1265,201,254,148,68,90195
196,705,-34.609543,-58.400055,9,Grupo id: 9,1582,1265,201,254,148,68,90196
197,416,-34.609684,-58.40143,9,Grupo id: 9,1566,1267,201,254,148,68,90197
198,467,-34.609756,-58.40289,9,Grupo id: 9,1549,1268,201,254,148,68,90198
199,552,-34.609825,-58.40435,9,Grupo id: 9,1532,1269,201,254,148,68,90199
200,39,-34.609898,-58.40538,9,Grupo id: 9,1520,1270,201,254,148,68,90200
201,244,-34.589848,-58.517876,10,Grupo id: 10,210,986,105,225,188,69,100201
202,137,-34.59027,-58.516327,10,Grupo id: 10,228,992,105,225,188,69,100202
203,381,-34.590694,-58.514954,10,Grupo id: 10,244,998,105,225,188,69,100203
204,61,-34.59126,-58.513153,10,Grupo id: 10,265,1006,105,225,188,69,100204
205,312,-34.591965,-58.510662,10,Grupo id: 10,294,1016,105,225,188,69,100205
206,546,-34.59281,-58.508255,10,Grupo id: 10,322,1028,105,225,188,69,100206
207,709,-34.593307,-58.50714,10,Grupo id: 10,335,1035,105,225,188,69,100207
208,287,-34.59359,-58.506195,10,Grupo id: 10,346,1039,105,225,188,69,100208
209,464,-34.59521,-58.501904,10,Grupo id: 10,396,1062,105,225,188,69,100209
210,0,-34.595707,-58.500786,10,Grupo id: 10,409,1069,105,225,188,69,100210
211,965,-34.596203,-58.499413,10,Grupo id: 10,425,1076,105,225,188,69,100211
212,804,-34.596485,-58.498466,10,Grupo id: 10,436,1080,105,225,188,69,100212
213,940,-34.59705,-58.49589,10,Grupo id: 10,466,1088,105,225,188,69,100213
214,593,-34.59712,-58.49443,10,Grupo id: 10,483,1089,105,225,188,69,100214
215,27,-34.59719,-58.49323,10,Grupo id: 10,497,1090,105,225,188,69,100215
216,294,-34.59726,-58.491512,10,Grupo id: 10,517,1091,105,225,188,69,100216
217,747,-34.5974,-58.489964,10,Grupo id: 10,535,1093,105,225,188,69,100217
218,9,-34.59754,-58.488075,10,Grupo id: 10,557,1095,105,225,188,69,100218
219,63,-34.597683,-58.486618,10,Grupo id: 10,574,1097,105,225,188,69,100219
220,906,-34.597755,-58.484898,10,Grupo id: 10,594,1098,105,225,188,69,100220
221,43,-34.59818,-58.482494,10,Grupo id: 10,622,1104,105,225,188,69,100221
222,835,-34.598885,-58.48112,10,Grupo id: 10,638,1114,105,225,188,69,100222
223,315,-34.59966,-58.479233,10,Grupo id: 10,660,1125,105,225,188,69,100223
224,205,-34.600365,-58.47631,10,Grupo id: 10,694,1135,105,225,188,69,100224
225,672,-34.601,-58.473476,10,Grupo id: 10,727,1144,105,225,188,69,100225
226,733,-34.601284,-58.47219,10,Grupo id: 10,742,1148,105,225,188,69,100226
227,32,-34.601566,-58.470985,10,Grupo id: 10,756,1152,105,225,188,69,100227
228,968,-34.60178,-58.46987,10,Grupo id: 10,769,1155,105,225,188,69,100228
229,197,-34.602062,-58.46867,10,Grupo id: 10,783,1159,105,225,188,69,100229
230,221,-34.602486,-58.46721,10,Grupo id: 10,800,1165,105,225,188,69,100230
231,963,-34.60291,-58.465405,10,Grupo id: 10,821,1171,105,225,188,69,100231
232,321,-34.603333,-58.463776,10,Grupo id: 10,840,1177,105,225,188,69,100232
233,939,-34.603615,-58.4624,10,Grupo id: 10,856,1181,105,225,188,69,100233
234,319,-34.603966,-58.461025,10,Grupo id: 10,872,1186,105,225,188,69,100234
235,355,-34.60439,-58.459564,10,Grupo id: 10,889,1192,105,225,188,69,100235
236,642,-34.589706,-58.51719,11,Grupo id: 11,218,984,99,165,7,70,110236
237,604,-34.590057,-58.5159,11,Grupo id: 11,233,989,99,165,7,70,110237
238,536,-34.590412,-58.514782,11,Grupo id: 11,246,994,99,165,7,70,110238
239,448,-34.590908,-58.513325,11,Grupo id: 11,263,1001,99,165,7,70,110239
240,26,-34.591614,-58.510918,11,Grupo id: 11,291,1011,99,165,7,70,110240
241,242,-34.59253,-58.508255,11,Grupo id: 11,322,1024,99,165,7,70,110241
242,333,-34.593094,-58.50697,11,Grupo id: 11,337,1032,99,165,7,70,110242
243,628,-34.593307,-58.50611,11,Grupo id: 11,347,1035,99,165,7,70,110243
244,669,-34.595142,-58.501213,11,Grupo id: 11,404,1061,99,165,7,70,110244
245,789,-34.59564,-58.500183,11,Grupo id: 11,416,1068,99,165,7,70,110245
246,545,-34.59599,-58.498898,11,Grupo id: 11,431,1073,99,165,7,70,110246
247,606,-34.596344,-58.49778,11,Grupo id: 11,444,1078,99,165,7,70,110247
248,762,-34.596695,-58.49572,11,Grupo id: 11,468,1083,99,165,7,70,110248
249,232,-34.596836,-58.49443,11,Grupo id: 11,483,1085,99,165,7,70,110249
250,783,-34.59691,-58.492798,11,Grupo id: 11,502,1086,99,165,7,70,110250
251,243,-34.596977,-58.491425,11,Grupo id: 11,518,1087,99,165,7,70,110251
252,85,-34.59712,-58.48979,11,Grupo id: 11,537,1089,99,165,7,70,110252
253,389,-34.59726,-58.488075,11,Grupo id: 11,557,1091,99,165,7,70,110253
254,435,-34.597332,-58.486702,11,Grupo id: 11,573,1092,99,165,7,70,110254
255,951,-34.5974,-58.484985,11,Grupo id: 11,593,1093,99,165,7,70,110255
256,124,-34.598038,-58.482235,11,Grupo id: 11,625,1102,99,165,7,70,110256
257,880,-34.59867,-58.48095,11,Grupo id: 11,640,1111,99,165,7,70,110257
258,284,-34.599518,-58.478714,11,Grupo id: 11,666,1123,99,165,7,70,110258
259,709,-34.600155,-58.47614,11,Grupo id: 11,696,1132,99,165,7,70,110259
260,380,-34.60065,-58.473392,11,Grupo id: 11,728,1139,99,165,7,70,110260
261,812,-34.601074,-58.472103,11,Grupo id: 11,743,1145,99,165,7,70,110261
262,943,-34.601357,-58.470814,11,Grupo id: 11,758,1149,99,165,7,70,110262
263,566,-34.601498,-58.469784,11,Grupo id: 11,770,1151,99,165,7,70,110263
264,576,-34.60178,-58.4685,11,Grupo id: 11,785,1155,99,165,7,70,110264
265,782,-34.602203,-58.467037,11,Grupo id: 11,802,1161,99,165,7,70,110265
266,383,-34.602627,-58.46532,11,Grupo id: 11,822,1167,99,165,7,70,110266
267,260,-34.602978,-58.463947,11,Grupo id: 11,838,1172,99,165,7,70,110267
268,509,-34.603333,-58.462315,11,Grupo id: 11,857,1177,99,165,7,70,110268
269,745,-34.603683,-58.461025,11,Grupo id: 11,872,1182,99,165,7,70,110269
270,564,-34.604107,-58.45948,11,Grupo id: 11,890,1188,99,165,7,70,110270
271,855,-34.57862,-58.42676,12,Grupo id: 12,1271,827,39,214,73,71,120271
272,223,-34.579327,-58.427277,12,Grupo id: 12,1265,837,39,214,73,71,120272
273,880,-34.580173,-58.427963,12,Grupo id: 12,1257,849,39,214,73,71,120273
274,861,-34.58095,-58.42891,12,Grupo id: 12,1246,860,39,214,73,71,120274
275,640,-34.582153,-58.4302,12,Grupo id: 12,1231,877,39,214,73,71,120275
276,121,-34.58335,-58.431744,12,Grupo id: 12,1213,894,39,214,73,71,120276
277,499,-34.584835,-58.433804,12,Grupo id: 12,1189,915,39,214,73,71,120277
278,392,-34.586037,-58.435436,12,Grupo id: 12,1170,932,39,214,73,71,120278
279,200,-34.587025,-58.43681,12,Grupo id: 12,1154,946,39,214,73,71,120279
280,882,-34.58893,-58.438183,12,Grupo id: 12,1138,973,39,214,73,71,120280
281,176,-34.590412,-58.438614,12,Grupo id: 12,1133,994,39,214,73,71,120281
282,81,-34.591473,-58.439472,12,Grupo id: 12,1123,1009,39,214,73,71,120282
283,442,-34.59232,-58.440502,12,Grupo id: 12,1111,1021,39,214,73,71,120283
284,323,-34.593025,-58.441532,12,Grupo id: 12,1099,1031,39,214,73,71,120284
285,465,-34.594223,-58.44325,12,Grupo id: 12,1079,1048,39,214,73,71,120285
286,771,-34.595425,-58.44488,12,Grupo id: 12,1060,1065,39,214,73,71,120286
287,120,-34.59627,-58.446083,12,Grupo id: 12,1046,1077,39,214,73,71,120287
288,672,-34.59705,-58.447285,12,Grupo id: 12,1032,1088,39,214,73,71,120288
289,17,-34.597897,-58.448574,12,Grupo id: 12,1017,1100,39,214,73,71,120289
290,144,-34.59853,-58.449432,12,Grupo id: 12,1007,1109,39,214,73,71,120290
291,129,-34.599308,-58.45055,12,Grupo id: 12,994,1120,39,214,73,71,120291
292,486,-34.59994,-58.45158,12,Grupo id: 12,982,1129,39,214,73,71,120292
293,615,-34.600792,-58.45278,12,Grupo id: 12,968,1141,39,214,73,71,120293
294,989,-34.601498,-58.4539,12,Grupo id: 12,955,1151,39,214,73,71,120294
295,417,-34.602272,-58.45493,12,Grupo id: 12,943,1162,39,214,73,71,120295
296,672,-34.60291,-58.456043,12,Grupo id: 12,930,1171,39,214,73,71,120296
297,618,-34.603825,-58.45725,12,Grupo id: 12,916,1184,39,214,73,71,120297
298,342,-34.60453,-58.45845,12,Grupo id: 12,902,1194,39,214,73,71,120298
299,731,-34.605873,-58.460426,12,Grupo id: 12,879,1213,39,214,73,71,120299
300,182,-34.60665,-58.46137,12,Grupo id: 12,868,1224,39,214,73,71,120300
301,911,-34.607426,-58.46257,12,Grupo id: 12,854,1235,39,214,73,71,120301
302,29,-34.608204,-58.463688,12,Grupo id: 12,841,1246,39,214,73,71,120302
303,736,-34.609333,-58.464977,12,Grupo id: 12,826,1262,39,214,73,71,120303
304,783,-34.610886,-58.466866,12,Grupo id: 12,804,1284,39,214,73,71,120304
305,728,-34.61145,-58.46781,12,Grupo id: 12,793,1292,39,214,73,71,120305
306,197,-34.61251,-58.4697,12,Grupo id: 12,771,1307,39,214,73,71,120306
307,53,-34.613144,-58.470985,12,Grupo id: 12,756,1316,39,214,73,71,120307
308,269,-34.61399,-58.472275,12,Grupo id: 12,741,1328,39,214,73,71,120308
309,880,-34.61526,-58.47305,12,Grupo id: 12,732,1346,39,214,73,71,120309
310,511,-34.61611,-58.47399,12,Grupo id: 12,721,1358,39,214,73,71,120310
311,30,-34.6171,-58.47502,12,Grupo id: 12,709,1372,39,214,73,71,120311
312,880,-34.61837,-58.47614,12,Grupo id: 12,696,1390,39,214,73,71,120312
313,820,-34.619286,-58.476997,12,Grupo id: 12,686,1403,39,214,73,71,120313
314,743,-34.61999,-58.478287,12,Grupo id: 12,671,1413,39,214,73,71,120314
315,738,-34.62077,-58.479317,12,Grupo id: 12,659,1424,39,214,73,71,120315
316,135,-34.62169,-58.480263,12,Grupo id: 12,648,1437,39,214,73,71,120316
317,455,-34.622677,-58.481377,12,Grupo id: 12,635,1451,39,214,73,71,120317
318,363,-34.62331,-58.48215,12,Grupo id: 12,626,1460,39,214,73,71,120318
319,8,-34.624157,-58.48327,12,Grupo id: 12,613,1472,39,214,73,71,120319
320,564,-34.62451,-58.484127,12,Grupo id: 12,603,1477,39,214,73,71,120320
321,332,-34.625076,-58.4855,12,Grupo id: 12,587,1485,39,214,73,71,120321
322,929,-34.625782,-58.487305,12,Grupo id: 12,566,1495,39,214,73,71,120322
323,410,-34.626278,-58.488934,12,Grupo id: 12,547,1502,39,214,73,71,120323
324,799,-34.627052,-58.490738,12,Grupo id: 12,526,1513,39,214,73,71,120324
325,351,-34.62797,-58.4922,12,Grupo id: 12,509,1526,39,214,73,71,120325
326,987,-34.628746,-58.493484,12,Grupo id: 12,494,1537,39,214,73,71,120326
327,968,-34.629383,-58.49443,12,Grupo id: 12,483,1546,39,214,73,71,120327
328,213,-34.63044,-58.495975,12,Grupo id: 12,465,1561,39,214,73,71,120328
329,590,-34.63101,-58.497692,12,Grupo id: 12,445,1569,39,214,73,71,120329
330,469,-34.6315,-58.49898,12,Grupo id: 12,430,1576,39,214,73,71,120330
331,71,-34.63242,-58.5013,12,Grupo id: 12,403,1589,39,214,73,71,120331
332,996,-34.633266,-58.50319,12,Grupo id: 12,381,1601,39,214,73,71,120332
333,24,-34.633972,-58.50482,12,Grupo id: 12,362,1611,39,214,73,71,120333
334,975,-34.634464,-58.50654,12,Grupo id: 12,342,1618,39,214,73,71,120334
335,683,-34.634747,-58.508427,12,Grupo id: 12,320,1622,39,214,73,71,120335
336,755,-34.6351,-58.510147,12,Grupo id: 12,300,1627,39,214,73,71,120336
337,875,-34.634747,-58.511604,12,Grupo id: 12,283,1622,39,214,73,71,120337
338,860,-34.63404,-58.512978,12,Grupo id: 12,267,1612,39,214,73,71,120338
339,898,-34.633476,-58.514698,12,Grupo id: 12,247,1604,39,214,73,71,120339
340,302,-34.633266,-58.51684,12,Grupo id: 12,222,1601,39,214,73,71,120340
341,433,-34.633335,-58.518646,12,Grupo id: 12,201,1602,39,214,73,71,120341
342,374,-34.63383,-58.52088,12,Grupo id: 12,175,1609,39,214,73,71,120342
343,137,-34.634182,-58.52277,12,Grupo id: 12,153,1614,39,214,73,71,120343
344,975,-34.634605,-58.52466,12,Grupo id: 12,131,1620,39,214,73,71,120344
345,347,-34.634747,-58.526546,12,Grupo id: 12,109,1622,39,214,73,71,120345
346,841,-34.578552,-58.427193,13,Grupo id: 13,1266,826,18,197,246,72,130346
347,112,-34.579185,-58.427708,13,Grupo id: 13,1260,835,18,197,246,72,130347
348,277,-34.57989,-58.428307,13,Grupo id: 13,1253,845,18,197,246,72,130348
349,646,-34.58074,-58.429253,13,Grupo id: 13,1242,857,18,197,246,72,130349
350,513,-34.58187,-58.430454,13,Grupo id: 13,1228,873,18,197,246,72,130350
351,116,-34.58314,-58.43226,13,Grupo id: 13,1207,891,18,197,246,72,130351
352,20,-34.584553,-58.434147,13,Grupo id: 13,1185,911,18,197,246,72,130352
353,122,-34.585823,-58.435863,13,Grupo id: 13,1165,929,18,197,246,72,130353
354,553,-34.58681,-58.437153,13,Grupo id: 13,1150,943,18,197,246,72,130354
355,19,-34.58872,-58.438526,13,Grupo id: 13,1134,970,18,197,246,72,130355
356,754,-34.59013,-58.43904,13,Grupo id: 13,1128,990,18,197,246,72,130356
357,227,-34.59126,-58.439816,13,Grupo id: 13,1119,1006,18,197,246,72,130357
358,98,-34.592106,-58.440845,13,Grupo id: 13,1107,1018,18,197,246,72,130358
359,349,-34.592884,-58.441963,13,Grupo id: 13,1094,1029,18,197,246,72,130359
360,164,-34.594013,-58.443592,13,Grupo id: 13,1075,1045,18,197,246,72,130360
361,578,-34.595284,-58.445568,13,Grupo id: 13,1052,1063,18,197,246,72,130361
362,362,-34.59599,-58.446598,13,Grupo id: 13,1040,1073,18,197,246,72,130362
363,125,-34.596767,-58.447716,13,Grupo id: 13,1027,1084,18,197,246,72,130363
364,608,-34.59754,-58.448833,13,Grupo id: 13,1014,1095,18,197,246,72,130364
365,686,-34.598248,-58.449947,13,Grupo id: 13,1001,1105,18,197,246,72,130365
366,918,-34.599094,-58.450893,13,Grupo id: 13,990,1117,18,197,246,72,130366
367,35,-34.59973,-58.452095,13,Grupo id: 13,976,1126,18,197,246,72,130367
368,288,-34.60058,-58.453213,13,Grupo id: 13,963,1138,18,197,246,72,130368
369,344,-34.601425,-58.454327,13,Grupo id: 13,950,1150,18,197,246,72,130369
370,722,-34.602062,-58.455357,13,Grupo id: 13,938,1159,18,197,246,72,130370
371,172,-34.60291,-58.456474,13,Grupo id: 13,925,1171,18,197,246,72,130371
372,271,-34.603683,-58.457764,13,Grupo id: 13,910,1182,18,197,246,72,130372
373,761,-34.60439,-58.458878,13,Grupo id: 13,897,1192,18,197,246,72,130373
374,278,-34.605663,-58.46077,13,Grupo id: 13,875,1210,18,197,246,72,130374
375,246,-34.60637,-58.4618,13,Grupo id: 13,863,1220,18,197,246,72,130375
376,216,-34.607426,-58.463257,13,Grupo id: 13,846,1235,18,197,246,72,130376
377,23,-34.60799,-58.464203,13,Grupo id: 13,835,1243,18,197,246,72,130377
378,808,-34.60919,-58.46532,13,Grupo id: 13,822,1260,18,197,246,72,130378
379,106,-34.610535,-58.46695,13,Grupo id: 13,803,1279,18,197,246,72,130379
380,419,-34.6111,-58.468155,13,Grupo id: 13,789,1287,18,197,246,72,130380
381,605,-34.612156,-58.469955,13,Grupo id: 13,768,1302,18,197,246,72,130381
382,692,-34.612793,-58.47133,13,Grupo id: 13,752,1311,18,197,246,72,130382
383,238,-34.61378,-58.47262,13,Grupo id: 13,737,1325,18,197,246,72,130383
384,709,-34.61512,-58.473392,13,Grupo id: 13,728,1344,18,197,246,72,130384
385,943,-34.6159,-58.474335,13,Grupo id: 13,717,1355,18,197,246,72,130385
386,752,-34.616886,-58.47554,13,Grupo id: 13,703,1369,18,197,246,72,130386
387,774,-34.618015,-58.476482,13,Grupo id: 13,692,1385,18,197,246,72,130387
388,738,-34.618935,-58.47734,13,Grupo id: 13,682,1398,18,197,246,72,130388
389,148,-34.61971,-58.478542,13,Grupo id: 13,668,1409,18,197,246,72,130389
390,75,-34.62063,-58.479748,13,Grupo id: 13,654,1422,18,197,246,72,130390
391,872,-34.621407,-58.48069,13,Grupo id: 13,643,1433,18,197,246,72,130391
392,31,-34.622253,-58.48155,13,Grupo id: 13,633,1445,18,197,246,72,130392
393,481,-34.6231,-58.48258,13,Grupo id: 13,621,1457,18,197,246,72,130393
394,566,-34.623806,-58.483524,13,Grupo id: 13,610,1467,18,197,246,72,130394
395,378,-34.62423,-58.484554,13,Grupo id: 13,598,1473,18,197,246,72,130395
396,120,-34.62472,-58.485672,13,Grupo id: 13,585,1480,18,197,246,72,130396
397,544,-34.6255,-58.48756,13,Grupo id: 13,563,1491,18,197,246,72,130397
398,543,-34.625854,-58.48876,13,Grupo id: 13,549,1496,18,197,246,72,130398
399,764,-34.62663,-58.49117,13,Grupo id: 13,521,1507,18,197,246,72,130399
400,328,-34.627617,-58.492626,13,Grupo id: 13,504,1521,18,197,246,72,130400
401,826,-34.628464,-58.493744,13,Grupo id: 13,491,1533,18,197,246,72,130401
402,213,-34.6291,-58.494774,13,Grupo id: 13,479,1542,18,197,246,72,130402
403,742,-34.6303,-58.49658,13,Grupo id: 13,458,1559,18,197,246,72,130403
404,297,-34.630726,-58.49795,13,Grupo id: 13,442,1565,18,197,246,72,130404
405,346,-34.63115,-58.499153,13,Grupo id: 13,428,1571,18,197,246,72,130405
406,608,-34.632065,-58.5013,13,Grupo id: 13,403,1584,18,197,246,72,130406
407,322,-34.63277,-58.503017,13,Grupo id: 13,383,1594,18,197,246,72,130407
408,255,-34.633266,-58.503963,13,Grupo id: 13,372,1601,18,197,246,72,130408
409,565,-34.63369,-58.505077,13,Grupo id: 13,359,1607,18,197,246,72,130409
410,119,-34.634113,-58.50654,13,Grupo id: 13,342,1613,18,197,246,72,130410
411,579,-34.634396,-58.5086,13,Grupo id: 13,318,1617,18,197,246,72,130411
412,759,-34.634537,-58.51006,13,Grupo id: 13,301,1619,18,197,246,72,130412
413,380,-34.634323,-58.51126,13,Grupo id: 13,287,1616,18,197,246,72,130413
414,864,-34.63383,-58.512463,13,Grupo id: 13,273,1609,18,197,246,72,130414
415,767,-34.633053,-58.51461,13,Grupo id: 13,248,1598,18,197,246,72,130415
416,180,-34.63291,-58.515728,13,Grupo id: 13,235,1596,18,197,246,72,130416
417,119,-34.632843,-58.517017,13,Grupo id: 13,220,1595,18,197,246,72,130417
418,25,-34.632843,-58.51839,13,Grupo id: 13,204,1595,18,197,246,72,130418
419,654,-34.63291,-58.51942,13,Grupo id: 13,192,1596,18,197,246,72,130419
420,546,-34.63369,-58.521824,13,Grupo id: 13,164,1607,18,197,246,72,130420
421,841,-34.6339,-58.523026,13,Grupo id: 13,150,1610,18,197,246,72,130421
422,870,-34.634323,-58.524746,13,Grupo id: 13,130,1616,18,197,246,72,130422
423,424,-34.634464,-58.526806,13,Grupo id: 13,106,1618,18,197,246,72,130423
424,717,-34.57813,-58.427364,14,Grupo id: 14,1264,820,99,27,12,73,140424
425,637,-34.577847,-58.428394,14,Grupo id: 14,1252,816,99,27,12,73,140425
426,888,-34.577423,-58.42951,14,Grupo id: 14,1239,810,99,27,12,73,140426
427,146,-34.57686,-58.431057,14,Grupo id: 14,1221,802,99,27,12,73,140427
428,18,-34.576294,-58.432945,14,Grupo id: 14,1199,794,99,27,12,73,140428
429,630,-34.57573,-58.43432,14,Grupo id: 14,1183,786,99,27,12,73,140429
430,345,-34.575233,-58.435436,14,Grupo id: 14,1170,779,99,27,12,73,140430
431,890,-34.574455,-58.43698,14,Grupo id: 14,1152,768,99,27,12,73,140431
432,922,-34.57354,-58.438442,14,Grupo id: 14,1135,755,99,27,12,73,140432
433,768,-34.572975,-58.439556,14,Grupo id: 14,1122,747,99,27,12,73,140433
434,836,-34.57234,-58.440674,14,Grupo id: 14,1109,738,99,27,12,73,140434
435,908,-34.571705,-58.441875,14,Grupo id: 14,1095,729,99,27,12,73,140435
436,445,-34.570786,-58.44351,14,Grupo id: 14,1076,716,99,27,12,73,140436
437,473,-34.569798,-58.445568,14,Grupo id: 14,1052,702,99,27,12,73,140437
438,518,-34.569374,-58.446598,14,Grupo id: 14,1040,696,99,27,12,73,140438
439,876,-34.56881,-58.447628,14,Grupo id: 14,1028,688,99,27,12,73,140439
440,51,-34.567184,-58.45072,14,Grupo id: 14,992,665,99,27,12,73,140440
441,471,-34.56648,-58.45218,14,Grupo id: 14,975,655,99,27,12,73,140441
442,816,-34.565704,-58.453728,14,Grupo id: 14,957,644,99,27,12,73,140442
443,0,-34.564503,-58.455013,14,Grupo id: 14,942,627,99,27,12,73,140443
444,656,-34.5633,-58.45596,14,Grupo id: 14,931,610,99,27,12,73,140444
445,42,-34.562313,-58.456818,14,Grupo id: 14,921,596,99,27,12,73,140445
446,994,-34.561325,-58.457504,14,Grupo id: 14,913,582,99,27,12,73,140446
447,515,-34.56048,-58.458363,14,Grupo id: 14,903,570,99,27,12,73,140447
448,885,-34.55963,-58.45905,14,Grupo id: 14,895,558,99,27,12,73,140448
449,78,-34.559277,-58.45931,14,Grupo id: 14,892,553,99,27,12,73,140449
450,680,-34.557373,-58.461113,14,Grupo id: 14,871,526,99,27,12,73,140450
451,214,-34.55702,-58.46137,14,Grupo id: 14,868,521,99,27,12,73,140451
452,848,-34.55603,-58.462486,14,Grupo id: 14,855,507,99,27,12,73,140452
453,343,-34.5549,-58.463516,14,Grupo id: 14,843,491,99,27,12,73,140453
454,185,-34.55398,-58.464546,14,Grupo id: 14,831,478,99,27,12,73,140454
455,366,-34.553135,-58.465233,14,Grupo id: 14,823,466,99,27,12,73,140455
456,669,-34.552006,-58.46618,14,Grupo id: 14,812,450,99,27,12,73,140456
457,106,-34.55123,-58.466778,14,Grupo id: 14,805,439,99,27,12,73,140457
458,648,-34.550385,-58.467552,14,Grupo id: 14,796,427,99,27,12,73,140458
459,28,-34.549324,-58.468327,14,Grupo id: 14,787,412,99,27,12,73,140459
460,576,-34.548405,-58.469097,14,Grupo id: 14,778,399,99,27,12,73,140460
461,154,-34.547417,-58.46987,14,Grupo id: 14,769,385,99,27,12,73,140461
462,839,-34.54643,-58.47047,14,Grupo id: 14,762,371,99,27,12,73,140462
463,772,-34.54558,-58.471157,14,Grupo id: 14,754,359,99,27,12,73,140463
464,209,-34.544876,-58.47176,14,Grupo id: 14,747,349,99,27,12,73,140464
465,363,-34.544098,-58.47219,14,Grupo id: 14,742,338,99,27,12,73,140465
466,695,-34.543465,-58.472706,14,Grupo id: 14,736,329,99,27,12,73,140466
467,676,-34.54276,-58.473305,14,Grupo id: 14,729,319,99,27,12,73,140467
468,669,-34.54184,-58.47399,14,Grupo id: 14,721,306,99,27,12,73,140468
469,101,-34.541065,-58.474594,14,Grupo id: 14,714,295,99,27,12,73,140469
470,594,-34.54071,-58.474766,14,Grupo id: 14,712,290,99,27,12,73,140470
471,117,-34.540005,-58.475452,14,Grupo id: 14,704,280,99,27,12,73,140471
472,333,-34.577774,-58.42702,15,Grupo id: 15,1268,815,16,211,74,74,150472
473,357,-34.577423,-58.428223,15,Grupo id: 15,1254,810,16,211,74,74,150473
474,839,-34.57707,-58.429596,15,Grupo id: 15,1238,805,16,211,74,74,150474
475,904,-34.576645,-58.430885,15,Grupo id: 15,1223,799,16,211,74,74,150475
476,936,-34.576294,-58.431828,15,Grupo id: 15,1212,794,16,211,74,74,150476
477,28,-34.57608,-58.432602,15,Grupo id: 15,1203,791,16,211,74,74,150477
478,123,-34.575516,-58.434063,15,Grupo id: 15,1186,783,16,211,74,74,150478
479,550,-34.57488,-58.43535,15,Grupo id: 15,1171,774,16,211,74,74,150479
480,270,-34.574173,-58.43672,15,Grupo id: 15,1155,764,16,211,74,74,150480
481,871,-34.573257,-58.438526,15,Grupo id: 15,1134,751,16,211,74,74,150481
482,111,-34.57262,-58.439644,15,Grupo id: 15,1121,742,16,211,74,74,150482
483,816,-34.571987,-58.440674,15,Grupo id: 15,1109,733,16,211,74,74,150483
484,152,-34.57135,-58.441963,15,Grupo id: 15,1094,724,16,211,74,74,150484
485,211,-34.570503,-58.443592,15,Grupo id: 15,1075,712,16,211,74,74,150485
486,711,-34.569443,-58.445568,15,Grupo id: 15,1052,697,16,211,74,74,150486
487,227,-34.56909,-58.446426,15,Grupo id: 15,1042,692,16,211,74,74,150487
488,675,-34.568527,-58.447544,15,Grupo id: 15,1029,684,16,211,74,74,150488
489,502,-34.567043,-58.450462,15,Grupo id: 15,995,663,16,211,74,74,150489
490,630,-34.566196,-58.451923,15,Grupo id: 15,978,651,16,211,74,74,150490
491,822,-34.565422,-58.45347,15,Grupo id: 15,960,640,16,211,74,74,150491
492,390,-34.564148,-58.45467,15,Grupo id: 15,946,622,16,211,74,74,150492
493,906,-34.56302,-58.4557,15,Grupo id: 15,934,606,16,211,74,74,150493
494,152,-34.561962,-58.456646,15,Grupo id: 15,923,591,16,211,74,74,150494
495,188,-34.561256,-58.457333,15,Grupo id: 15,915,581,16,211,74,74,150495
496,555,-34.560196,-58.45819,15,Grupo id: 15,905,566,16,211,74,74,150496
497,315,-34.559418,-58.458794,15,Grupo id: 15,898,555,16,211,74,74,150497
498,836,-34.558712,-58.459393,15,Grupo id: 15,891,545,16,211,74,74,150498
499,515,-34.556877,-58.461113,15,Grupo id: 15,871,519,16,211,74,74,150499
500,510,-34.555748,-58.462055,15,Grupo id: 15,860,503,16,211,74,74,150500
501,525,-34.554688,-58.463257,15,Grupo id: 15,846,488,16,211,74,74,150501
502,740,-34.55363,-58.46412,15,Grupo id: 15,836,473,16,211,74,74,150502
503,866,-34.552784,-58.46489,15,Grupo id: 15,827,461,16,211,74,74,150503
504,146,-34.551865,-58.465748,15,Grupo id: 15,817,448,16,211,74,74,150504
505,157,-34.551018,-58.46635,15,Grupo id: 15,810,436,16,211,74,74,150505
506,641,-34.55003,-58.46712,15,Grupo id: 15,801,422,16,211,74,74,150506
507,694,-34.54911,-58.467983,15,Grupo id: 15,791,409,16,211,74,74,150507
508,669,-34.548195,-58.468582,15,Grupo id: 15,784,396,16,211,74,74,150508
509,502,-34.547207,-58.46944,15,Grupo id: 15,774,382,16,211,74,74,150509
510,336,-34.546288,-58.470127,15,Grupo id: 15,766,369,16,211,74,74,150510
511,207,-34.545513,-58.47073,15,Grupo id: 15,759,358,16,211,74,74,150511
512,408,-34.544735,-58.47133,15,Grupo id: 15,752,347,16,211,74,74,150512
513,126,-34.54403,-58.47193,15,Grupo id: 15,745,337,16,211,74,74,150513
514,504,-34.54325,-58.472363,15,Grupo id: 15,740,326,16,211,74,74,150514
515,791,-34.542618,-58.472878,15,Grupo id: 15,734,317,16,211,74,74,150515
516,558,-34.54163,-58.473476,15,Grupo id: 15,727,303,16,211,74,74,150516
517,357,-34.540993,-58.47399,15,Grupo id: 15,721,294,16,211,74,74,150517
518,796,-34.54043,-58.474422,15,Grupo id: 15,716,286,16,211,74,74,150518
519,347,-34.539722,-58.47511,15,Grupo id: 15,708,276,16,211,74,74,150519
520,922,-34.598248,-58.37206,16,Grupo id: 16,1908,1105,155,174,159,75,160520
521,73,-34.59839,-58.373863,16,Grupo id: 16,1887,1107,155,174,159,75,160521
522,730,-34.59846,-58.37498,16,Grupo id: 16,1874,1108,155,174,159,75,160522
523,945,-34.59853,-58.37601,16,Grupo id: 16,1862,1109,155,174,159,75,160523
524,975,-34.59867,-58.377384,16,Grupo id: 16,1846,1111,155,174,159,75,160524
525,998,-34.59867,-58.378242,16,Grupo id: 16,1836,1111,155,174,159,75,160525
526,644,-34.598743,-58.379272,16,Grupo id: 16,1824,1112,155,174,159,75,160526
527,157,-34.598885,-58.380733,16,Grupo id: 16,1807,1114,155,174,159,75,160527
528,122,-34.598953,-58.383568,16,Grupo id: 16,1774,1115,155,174,159,75,160528
529,94,-34.599026,-58.38477,16,Grupo id: 16,1760,1116,155,174,159,75,160529
530,798,-34.599026,-58.385887,16,Grupo id: 16,1747,1116,155,174,159,75,160530
531,524,-34.599094,-58.386574,16,Grupo id: 16,1739,1117,155,174,159,75,160531
532,388,-34.599167,-58.388035,16,Grupo id: 16,1722,1118,155,174,159,75,160532
533,16,-34.599236,-58.388977,16,Grupo id: 16,1711,1119,155,174,159,75,160533
534,994,-34.599236,-58.390095,16,Grupo id: 16,1698,1119,155,174,159,75,160534
535,628,-34.599308,-58.39164,16,Grupo id: 16,1680,1120,155,174,159,75,160535
536,248,-34.59945,-58.3937,16,Grupo id: 16,1656,1122,155,174,159,75,160536
537,781,-34.599518,-58.395245,16,Grupo id: 16,1638,1123,155,174,159,75,160537
538,774,-34.59959,-58.396362,16,Grupo id: 16,1625,1124,155,174,159,75,160538
539,861,-34.59959,-58.39808,16,Grupo id: 16,1605,1124,155,174,159,75,160539
540,435,-34.599518,-58.399197,16,Grupo id: 16,1592,1123,155,174,159,75,160540
541,300,-34.59945,-58.400227,16,Grupo id: 16,1580,1122,155,174,159,75,160541
542,44,-34.599236,-58.4016,16,Grupo id: 16,1564,1119,155,174,159,75,160542
543,655,-34.598953,-58.402546,16,Grupo id: 16,1553,1115,155,174,159,75,160543
544,324,-34.59853,-58.403233,16,Grupo id: 16,1545,1109,155,174,159,75,160544
545,103,-34.597897,-58.404522,16,Grupo id: 16,1530,1100,155,174,159,75,160545
546,447,-34.597897,-58.405724,16,Grupo id: 16,1516,1100,155,174,159,75,160546
547,254,-34.597897,-58.407185,16,Grupo id: 16,1499,1100,155,174,159,75,160547
548,27,-34.597897,-58.40933,16,Grupo id: 16,1474,1100,155,174,159,75,160548
549,459,-34.597897,-58.411133,16,Grupo id: 16,1453,1100,155,174,159,75,160549
550,211,-34.597755,-58.41285,16,Grupo id: 16,1433,1098,155,174,159,75,160550
551,126,-34.597755,-58.41431,16,Grupo id: 16,1416,1098,155,174,159,75,160551
552,842,-34.597683,-58.4156,16,Grupo id: 16,1401,1097,155,174,159,75,160552
553,859,-34.597614,-58.4168,16,Grupo id: 16,1387,1096,155,174,159,75,160553
554,792,-34.597614,-58.41783,16,Grupo id: 16,1375,1096,155,174,159,75,160554
555,254,-34.597614,-58.41998,16,Grupo id: 16,1350,1096,155,174,159,75,160555
556,151,-34.597614,-58.42118,16,Grupo id: 16,1336,1096,155,174,159,75,160556
557,600,-34.597614,-58.42264,16,Grupo id: 16,1319,1096,155,174,159,75,160557
558,263,-34.59705,-58.42453,16,Grupo id: 16,1297,1088,155,174,159,75,160558
559,555,-34.59627,-58.426506,16,Grupo id: 16,1274,1077,155,174,159,75,160559
560,861,-34.59564,-58.427708,16,Grupo id: 16,1260,1068,155,174,159,75,160560
561,817,-34.595,-58.42865,16,Grupo id: 16,1249,1059,155,174,159,75,160561
562,124,-34.594437,-58.42951,16,Grupo id: 16,1239,1051,155,174,159,75,160562
563,688,-34.59359,-58.430885,16,Grupo id: 16,1223,1039,155,174,159,75,160563
564,902,-34.593025,-58.431828,16,Grupo id: 16,1212,1031,155,174,159,75,160564
565,39,-34.59232,-58.432858,16,Grupo id: 16,1200,1021,155,174,159,75,160565
566,286,-34.591682,-58.43363,16,Grupo id: 16,1191,1012,155,174,159,75,160566
567,614,-34.59119,-58.434406,16,Grupo id: 16,1182,1005,155,174,159,75,160567
568,579,-34.590553,-58.435436,16,Grupo id: 16,1170,996,155,174,159,75,160568
569,326,-34.58999,-58.436295,16,Grupo id: 16,1160,988,155,174,159,75,160569
570,198,-34.58921,-58.437496,16,Grupo id: 16,1146,977,155,174,159,75,160570
571,877,-34.588364,-58.438786,16,Grupo id: 16,1131,965,155,174,159,75,160571
572,779,-34.58773,-58.439644,16,Grupo id: 16,1121,956,155,174,159,75,160572
573,946,-34.587093,-58.440758,16,Grupo id: 16,1108,947,155,174,159,75,160573
574,499,-34.58632,-58.441875,16,Grupo id: 16,1095,936,155,174,159,75,160574
575,604,-34.585613,-58.442993,16,Grupo id: 16,1082,926,155,174,159,75,160575
576,880,-34.584904,-58.444023,16,Grupo id: 16,1070,916,155,174,159,75,160576
577,179,-34.58427,-58.445053,16,Grupo id: 16,1058,907,155,174,159,75,160577
578,261,-34.588646,-58.38125,17,Grupo id: 17,1801,969,89,93,138,76,170578
579,937,-34.587166,-58.38065,17,Grupo id: 17,1808,948,89,93,138,76,170579
580,383,-34.585896,-58.379875,17,Grupo id: 17,1817,930,89,93,138,76,170580
581,658,-34.584835,-58.379616,17,Grupo id: 17,1820,915,89,93,138,76,170581
582,593,-34.583706,-58.379875,17,Grupo id: 17,1817,899,89,93,138,76,170582
583,705,-34.58286,-58.380733,17,Grupo id: 17,1807,887,89,93,138,76,170583
584,368,-34.58208,-58.382023,17,Grupo id: 17,1792,876,89,93,138,76,170584
585,134,-34.581448,-58.383137,17,Grupo id: 17,1779,867,89,93,138,76,170585
586,309,-34.58067,-58.384686,17,Grupo id: 17,1761,856,89,93,138,76,170586
587,358,-34.57989,-58.38623,17,Grupo id: 17,1743,845,89,93,138,76,170587
588,765,-34.578903,-58.38812,17,Grupo id: 17,1721,831,89,93,138,76,170588
589,513,-34.57827,-58.388977,17,Grupo id: 17,1711,822,89,93,138,76,170589
590,992,-34.57735,-58.39035,17,Grupo id: 17,1695,809,89,93,138,76,170590
591,576,-34.576294,-58.39121,17,Grupo id: 17,1685,794,89,93,138,76,170591
592,39,-34.575516,-58.3919,17,Grupo id: 17,1677,783,89,93,138,76,170592
593,897,-34.574738,-58.39293,17,Grupo id: 17,1665,772,89,93,138,76,170593
594,910,-34.574245,-58.394302,17,Grupo id: 17,1649,765,89,93,138,76,170594
595,108,-34.57368,-58.39619,17,Grupo id: 17,1627,757,89,93,138,76,170595
596,315,-34.573044,-58.39731,17,Grupo id: 17,1614,748,89,93,138,76,170596
597,389,-34.57248,-58.398594,17,Grupo id: 17,1599,740,89,93,138,76,170597
598,615,-34.571774,-58.3998,17,Grupo id: 17,1585,730,89,93,138,76,170598
599,487,-34.571068,-58.401,17,Grupo id: 17,1571,720,89,93,138,76,170599
600,141,-34.570435,-58.402203,17,Grupo id: 17,1557,711,89,93,138,76,170600
601,320,-34.569656,-58.403404,17,Grupo id: 17,1543,700,89,93,138,76,170601
602,14,-34.56867,-58.404865,17,Grupo id: 17,1526,686,89,93,138,76,170602
603,545,-34.56775,-58.40641,17,Grupo id: 17,1508,673,89,93,138,76,170603
604,445,-34.566833,-58.407784,17,Grupo id: 17,1492,660,89,93,138,76,170604
605,673,-34.565987,-58.409157,17,Grupo id: 17,1476,648,89,93,138,76,170605
606,261,-34.565067,-58.410877,17,Grupo id: 17,1456,635,89,93,138,76,170606
607,610,-34.56443,-58.41225,17,Grupo id: 17,1440,626,89,93,138,76,170607
608,875,-34.563725,-58.41388,17,Grupo id: 17,1421,616,89,93,138,76,170608
609,766,-34.56295,-58.415085,17,Grupo id: 17,1407,605,89,93,138,76,170609
610,972,-34.561962,-58.41646,17,Grupo id: 17,1391,591,89,93,138,76,170610
611,345,-34.5609,-58.417572,17,Grupo id: 17,1378,576,89,93,138,76,170611
612,192,-34.55956,-58.419205,17,Grupo id: 17,1359,557,89,93,138,76,170612
613,978,-34.558784,-58.420494,17,Grupo id: 17,1344,546,89,93,138,76,170613
614,70,-34.558006,-58.421352,17,Grupo id: 17,1334,535,89,93,138,76,170614
615,295,-34.55681,-58.422985,17,Grupo id: 17,1315,518,89,93,138,76,170615
616,181,-34.556103,-58.424187,17,Grupo id: 17,1301,508,89,93,138,76,170616
617,356,-34.555325,-58.42556,17,Grupo id: 17,1285,497,89,93,138,76,170617
618,618,-34.554405,-58.42685,17,Grupo id: 17,1270,484,89,93,138,76,170618
619,850,-34.55349,-58.428566,17,Grupo id: 17,1250,471,89,93,138,76,170619
620,813,-34.55257,-58.430027,17,Grupo id: 17,1233,458,89,93,138,76,170620
621,319,-34.551373,-58.43217,17,Grupo id: 17,1208,441,89,93,138,76,170621
622,744,-34.550385,-58.433804,17,Grupo id: 17,1189,427,89,93,138,76,170622
623,41,-34.549534,-58.43535,17,Grupo id: 17,1171,415,89,93,138,76,170623
624,558,-34.54862,-58.43681,17,Grupo id: 17,1154,402,89,93,138,76,170624
625,900,-34.547913,-58.438442,17,Grupo id: 17,1135,392,89,93,138,76,170625
626,290,-34.547066,-58.44007,17,Grupo id: 17,1116,380,89,93,138,76,170626
627,26,-34.546288,-58.44145,17,Grupo id: 17,1100,369,89,93,138,76,170627
628,492,-34.545372,-58.442905,17,Grupo id: 17,1083,356,89,93,138,76,170628
629,638,-34.54431,-58.44471,17,Grupo id: 17,1062,341,89,93,138,76,170629
630,525,-34.543392,-58.446342,17,Grupo id: 17,1043,328,89,93,138,76,170630
631,718,-34.542618,-58.447716,17,Grupo id: 17,1027,317,89,93,138,76,170631
632,838,-34.54184,-58.449005,17,Grupo id: 17,1012,306,89,93,138,76,170632
633,903,-34.541348,-58.450035,17,Grupo id: 17,1000,299,89,93,138,76,170633
634,498,-34.5405,-58.45141,17,Grupo id: 17,984,287,89,93,138,76,170634
635,687,-34.539932,-58.453728,17,Grupo id: 17,957,279,89,93,138,76,170635
636,126,-34.5393,-58.455444,17,Grupo id: 17,937,270,89,93,138,76,170636
637,147,-34.53824,-58.457504,17,Grupo id: 17,913,255,89,93,138,76,170637
638,869,-34.53725,-58.458794,17,Grupo id: 17,898,241,89,93,138,76,170638
639,360,-34.536335,-58.459736,17,Grupo id: 17,887,228,89,93,138,76,170639
640,65,-34.535202,-58.46094,17,Grupo id: 17,873,212,89,93,138,76,170640
641,24,-34.534286,-58.46274,17,Grupo id: 17,852,199,89,93,138,76,170641
642,911,-34.534355,-58.46506,17,Grupo id: 17,825,200,89,93,138,76,170642
643,350,-34.588436,-58.38185,18,Grupo id: 18,1794,966,107,181,102,77,180643
644,208,-34.586952,-58.381077,18,Grupo id: 18,1803,945,107,181,102,77,180644
645,690,-34.585613,-58.38039,18,Grupo id: 18,1811,926,107,181,102,77,180645
646,52,-34.584763,-58.38013,18,Grupo id: 18,1814,914,107,181,102,77,180646
647,771,-34.583916,-58.38039,18,Grupo id: 18,1811,902,107,181,102,77,180647
648,351,-34.58321,-58.381077,18,Grupo id: 18,1803,892,107,181,102,77,180648
649,554,-34.582363,-58.382366,18,Grupo id: 18,1788,880,107,181,102,77,180649
650,682,-34.5818,-58.383568,18,Grupo id: 18,1774,872,107,181,102,77,180650
651,793,-34.581093,-58.384857,18,Grupo id: 18,1759,862,107,181,102,77,180651
652,793,-34.580246,-58.386574,18,Grupo id: 18,1739,850,107,181,102,77,180652
653,556,-34.579258,-58.38829,18,Grupo id: 18,1719,836,107,181,102,77,180653
654,218,-34.57834,-58.389923,18,Grupo id: 18,1700,823,107,181,102,77,180654
655,614,-34.576786,-58.39181,18,Grupo id: 18,1678,801,107,181,102,77,180655
656,538,-34.57601,-58.392586,18,Grupo id: 18,1669,790,107,181,102,77,180656
657,861,-34.575302,-58.393616,18,Grupo id: 18,1657,780,107,181,102,77,180657
658,511,-34.574738,-58.3949,18,Grupo id: 18,1642,772,107,181,102,77,180658
659,18,-34.573963,-58.39662,18,Grupo id: 18,1622,761,107,181,102,77,180659
660,760,-34.573467,-58.397736,18,Grupo id: 18,1609,754,107,181,102,77,180660
661,496,-34.572834,-58.398853,18,Grupo id: 18,1596,745,107,181,102,77,180661
662,384,-34.571915,-58.4004,18,Grupo id: 18,1578,732,107,181,102,77,180662
663,429,-34.57149,-58.401344,18,Grupo id: 18,1567,726,107,181,102,77,180663
664,285,-34.570927,-58.402287,18,Grupo id: 18,1556,718,107,181,102,77,180664
665,562,-34.570007,-58.403664,18,Grupo id: 18,1540,705,107,181,102,77,180665
666,854,-34.56909,-58.405464,18,Grupo id: 18,1519,692,107,181,102,77,180666
667,838,-34.568314,-58.40641,18,Grupo id: 18,1508,681,107,181,102,77,180667
668,947,-34.567608,-58.407955,18,Grupo id: 18,1490,671,107,181,102,77,180668
669,472,-34.56662,-58.409588,18,Grupo id: 18,1471,657,107,181,102,77,180669
670,683,-34.565563,-58.411392,18,Grupo id: 18,1450,642,107,181,102,77,180670
671,673,-34.564995,-58.412678,18,Grupo id: 18,1435,634,107,181,102,77,180671
672,678,-34.564148,-58.4144,18,Grupo id: 18,1415,622,107,181,102,77,180672
673,659,-34.563442,-58.415684,18,Grupo id: 18,1400,612,107,181,102,77,180673
674,288,-34.562527,-58.416973,18,Grupo id: 18,1385,599,107,181,102,77,180674
675,794,-34.561325,-58.418262,18,Grupo id: 18,1370,582,107,181,102,77,180675
676,653,-34.560337,-58.419548,18,Grupo id: 18,1355,568,107,181,102,77,180676
677,300,-34.55956,-58.420578,18,Grupo id: 18,1343,557,107,181,102,77,180677
678,826,-34.55857,-58.422127,18,Grupo id: 18,1325,543,107,181,102,77,180678
679,791,-34.557373,-58.423756,18,Grupo id: 18,1306,526,107,181,102,77,180679
680,590,-34.556667,-58.4247,18,Grupo id: 18,1295,516,107,181,102,77,180680
681,69,-34.555748,-58.426163,18,Grupo id: 18,1278,503,107,181,102,77,180681
682,697,-34.55497,-58.427277,18,Grupo id: 18,1265,492,107,181,102,77,180682
683,512,-34.554054,-58.428993,18,Grupo id: 18,1245,479,107,181,102,77,180683
684,407,-34.552994,-58.430542,18,Grupo id: 18,1227,464,107,181,102,77,180684
685,853,-34.551796,-58.432774,18,Grupo id: 18,1201,447,107,181,102,77,180685
686,951,-34.55095,-58.43432,18,Grupo id: 18,1183,435,107,181,102,77,180686
687,998,-34.54904,-58.437927,18,Grupo id: 18,1141,408,107,181,102,77,180687
688,57,-34.547066,-58.441704,18,Grupo id: 18,1097,380,107,181,102,77,180688
689,643,-34.546005,-58.44342,18,Grupo id: 18,1077,365,107,181,102,77,180689
690,130,-34.545017,-58.445312,18,Grupo id: 18,1055,351,107,181,102,77,180690
691,321,-34.54417,-58.446857,18,Grupo id: 18,1037,339,107,181,102,77,180691
692,791,-34.543392,-58.44823,18,Grupo id: 18,1021,328,107,181,102,77,180692
693,884,-34.542686,-58.449604,18,Grupo id: 18,1005,318,107,181,102,77,180693
694,82,-34.542194,-58.45072,18,Grupo id: 18,992,311,107,181,102,77,180694
695,811,-34.541206,-58.452095,18,Grupo id: 18,976,297,107,181,102,77,180695
696,845,-34.54043,-58.45467,18,Grupo id: 18,946,286,107,181,102,77,180696
697,231,-34.540005,-58.45622,18,Grupo id: 18,928,280,107,181,102,77,180697
698,522,-34.539158,-58.457848,18,Grupo id: 18,909,268,107,181,102,77,180698
699,535,-34.53824,-58.45905,18,Grupo id: 18,895,255,107,181,102,77,180699
700,28,-34.53711,-58.460854,18,Grupo id: 18,874,239,107,181,102,77,180700
701,684,-34.536194,-58.462055,18,Grupo id: 18,860,226,107,181,102,77,180701
702,437,-34.535202,-58.46343,18,Grupo id: 18,844,212,107,181,102,77,180702
703,182,-34.53492,-58.46515,18,Grupo id: 18,824,208,107,181,102,77,180703
704,765,-34.54636,-58.450893,19,Grupo id: 19,990,370,0,230,75,78,190704
705,405,-34.54671,-58.448402,19,Grupo id: 19,1019,375,0,230,75,78,190705
706,787,-34.546993,-58.446857,19,Grupo id: 19,1037,379,0,230,75,78,190706
707,831,-34.547207,-58.445225,19,Grupo id: 19,1056,382,0,230,75,78,190707
708,725,-34.547417,-58.44385,19,Grupo id: 19,1072,385,0,230,75,78,190708
709,673,-34.5477,-58.44222,19,Grupo id: 19,1091,389,0,230,75,78,190709
710,47,-34.548122,-58.440674,19,Grupo id: 19,1109,395,0,230,75,78,190710
711,231,-34.548546,-58.439728,19,Grupo id: 19,1120,401,0,230,75,78,190711
712,923,-34.549183,-58.438698,19,Grupo id: 19,1132,410,0,230,75,78,190712
713,198,-34.55003,-58.43801,19,Grupo id: 19,1140,422,0,230,75,78,190713
714,337,-34.55095,-58.437153,19,Grupo id: 19,1150,435,0,230,75,78,190714
715,111,-34.551937,-58.436295,19,Grupo id: 19,1160,449,0,230,75,78,190715
716,756,-34.552853,-58.435608,19,Grupo id: 19,1168,462,0,230,75,78,190716
717,172,-34.55349,-58.43466,19,Grupo id: 19,1179,471,0,230,75,78,190717
718,215,-34.554337,-58.433548,19,Grupo id: 19,1192,483,0,230,75,78,190718
719,333,-34.555252,-58.43226,19,Grupo id: 19,1207,496,0,230,75,78,190719
720,10,-34.55617,-58.43114,19,Grupo id: 19,1220,509,0,230,75,78,190720
721,661,-34.55702,-58.430027,19,Grupo id: 19,1233,521,0,230,75,78,190721
722,907,-34.55808,-58.42882,19,Grupo id: 19,1247,536,0,230,75,78,190722
723,997,-34.559208,-58.427193,19,Grupo id: 19,1266,552,0,230,75,78,190723
724,304,-34.56062,-58.42556,19,Grupo id: 19,1285,572,0,230,75,78,190724
725,700,-34.56154,-58.424187,19,Grupo id: 19,1301,585,0,230,75,78,190725
726,429,-34.562454,-58.4223,19,Grupo id: 19,1323,598,0,230,75,78,190726
727,713,-34.56295,-58.42101,19,Grupo id: 19,1338,605,0,230,75,78,190727
728,448,-34.56422,-58.420063,19,Grupo id: 19,1349,623,0,230,75,78,190728
729,534,-34.565422,-58.419292,19,Grupo id: 19,1358,640,0,230,75,78,190729
730,601,-34.566128,-58.41869,19,Grupo id: 19,1365,650,0,230,75,78,190730
731,937,-34.56662,-58.417744,19,Grupo id: 19,1376,657,0,230,75,78,190731
732,80,-34.567116,-58.416714,19,Grupo id: 19,1388,664,0,230,75,78,190732
733,555,-34.567963,-58.4162,19,Grupo id: 19,1394,676,0,230,75,78,190733
734,378,-34.56888,-58.41543,19,Grupo id: 19,1403,689,0,230,75,78,190734
735,545,-34.57008,-58.413624,19,Grupo id: 19,1424,706,0,230,75,78,190735
736,782,-34.570927,-58.412506,19,Grupo id: 19,1437,718,0,230,75,78,190736
737,852,-34.571915,-58.41105,19,Grupo id: 19,1454,732,0,230,75,78,190737
738,112,-34.572693,-58.40993,19,Grupo id: 19,1467,743,0,230,75,78,190738
739,227,-34.573467,-58.408813,19,Grupo id: 19,1480,754,0,230,75,78,190739
740,608,-34.574104,-58.408043,19,Grupo id: 19,1489,763,0,230,75,78,190740
741,630,-34.57502,-58.406754,19,Grupo id: 19,1504,776,0,230,75,78,190741
742,540,-34.57559,-58.40598,19,Grupo id: 19,1513,784,0,230,75,78,190742
743,794,-34.57622,-58.40521,19,Grupo id: 19,1522,793,0,230,75,78,190743
744,784,-34.57686,-58.40435,19,Grupo id: 19,1532,802,0,230,75,78,190744
745,290,-34.577774,-58.40315,19,Grupo id: 19,1546,815,0,230,75,78,190745
746,883,-34.57841,-58.402115,19,Grupo id: 19,1558,824,0,230,75,78,190746
747,976,-34.578976,-58.401173,19,Grupo id: 19,1569,832,0,230,75,78,190747
748,744,-34.57961,-58.400143,19,Grupo id: 19,1581,841,0,230,75,78,190748
749,709,-34.580246,-58.398766,19,Grupo id: 19,1597,850,0,230,75,78,190749
750,713,-34.580883,-58.397564,19,Grupo id: 19,1611,859,0,230,75,78,190750
751,786,-34.581448,-58.39628,19,Grupo id: 19,1626,867,0,230,75,78,190751
752,650,-34.58194,-58.39516,19,Grupo id: 19,1639,874,0,230,75,78,190752
753,439,-34.582577,-58.39396,19,Grupo id: 19,1653,883,0,230,75,78,190753
754,161,-34.582928,-58.39293,19,Grupo id: 19,1665,888,0,230,75,78,190754
755,834,-34.583492,-58.391727,19,Grupo id: 19,1679,896,0,230,75,78,190755
756,454,-34.58399,-58.390522,19,Grupo id: 19,1693,903,0,230,75,78,190756
757,310,-34.584694,-58.38915,19,Grupo id: 19,1709,913,0,230,75,78,190757
758,515,-34.58526,-58.387947,19,Grupo id: 19,1723,921,0,230,75,78,190758
759,66,-34.585896,-58.386745,19,Grupo id: 19,1737,930,0,230,75,78,190759
760,780,-34.5866,-58.385372,19,Grupo id: 19,1753,940,0,230,75,78,190760
761,855,-34.587376,-58.384,19,Grupo id: 19,1769,951,0,230,75,78,190761
762,261,-34.588013,-58.383053,19,Grupo id: 19,1780,960,0,230,75,78,190762
763,795,-34.589634,-58.379875,19,Grupo id: 19,1817,983,0,230,75,78,190763
764,741,-34.59027,-58.378757,19,Grupo id: 19,1830,992,0,230,75,78,190764
765,328,-34.590836,-58.377987,19,Grupo id: 19,1839,1000,0,230,75,78,190765
766,78,-34.591473,-58.37687,19,Grupo id: 19,1852,1009,0,230,75,78,190766
767,936,-34.592037,-58.376095,19,Grupo id: 19,1861,1017,0,230,75,78,190767
768,521,-34.5926,-58.375065,19,Grupo id: 19,1873,1025,0,230,75,78,190768
769,756,-34.593166,-58.374035,19,Grupo id: 19,1885,1033,0,230,75,78,190769
770,831,-34.563232,-58.422985,19,Grupo id: 19,1315,609,0,230,75,78,190770
771,162,-34.564007,-58.422382,19,Grupo id: 19,1322,620,0,230,75,78,190771
772,458,-34.564713,-58.421352,19,Grupo id: 19,1334,630,0,230,75,78,190772
773,429,-34.565136,-58.420406,19,Grupo id: 19,1345,636,0,230,75,78,190773
774,317,-34.588577,-58.38271,20,Grupo id: 20,1784,968,237,109,17,79,200774
775,180,-34.58808,-58.383568,20,Grupo id: 20,1774,961,237,109,17,79,200775
776,957,-34.587376,-58.384686,20,Grupo id: 20,1761,951,237,109,17,79,200776
777,678,-34.586952,-58.385544,20,Grupo id: 20,1751,945,237,109,17,79,200777
778,570,-34.58653,-58.386574,20,Grupo id: 20,1739,939,237,109,17,79,200778
779,376,-34.586178,-58.387344,20,Grupo id: 20,1730,934,237,109,17,79,200779
780,970,-34.585682,-58.38838,20,Grupo id: 20,1718,927,237,109,17,79,200780
781,996,-34.585186,-58.389492,20,Grupo id: 20,1705,920,237,109,17,79,200781
782,506,-34.585117,-58.390522,20,Grupo id: 20,1693,919,237,109,17,79,200782
783,346,-34.583916,-58.39499,20,Grupo id: 20,1641,902,237,109,17,79,200783
784,426,-34.583492,-58.396362,20,Grupo id: 20,1625,896,237,109,17,79,200784
785,716,-34.58314,-58.39808,20,Grupo id: 20,1605,891,237,109,17,79,200785
786,163,-34.582928,-58.399197,20,Grupo id: 20,1592,888,237,109,17,79,200786
787,67,-34.582577,-58.400314,20,Grupo id: 20,1579,883,237,109,17,79,200787
788,87,-34.582222,-58.401516,20,Grupo id: 20,1565,878,237,109,17,79,200788
789,184,-34.58194,-58.402374,20,Grupo id: 20,1555,874,237,109,17,79,200789
790,704,-34.58159,-58.403664,20,Grupo id: 20,1540,869,237,109,17,79,200790
791,686,-34.58095,-58.404434,20,Grupo id: 20,1531,860,237,109,17,79,200791
792,257,-34.580387,-58.40512,20,Grupo id: 20,1523,852,237,109,17,79,200792
793,431,-34.579468,-58.40624,20,Grupo id: 20,1510,839,237,109,17,79,200793
794,103,-34.578976,-58.406925,20,Grupo id: 20,1502,832,237,109,17,79,200794
795,955,-34.57848,-58.40787,20,Grupo id: 20,1491,825,237,109,17,79,200795
796,650,-34.577705,-58.40933,20,Grupo id: 20,1474,814,237,109,17,79,200796
797,668,-34.57714,-58.41053,20,Grupo id: 20,1460,806,237,109,17,79,200797
798,308,-34.57686,-58.411392,20,Grupo id: 20,1450,802,237,109,17,79,200798
799,343,-34.576294,-58.412594,20,Grupo id: 20,1436,794,237,109,17,79,200799
800,549,-34.575657,-58.413967,20,Grupo id: 20,1420,785,237,109,17,79,200800
801,73,-34.575375,-58.41534,20,Grupo id: 20,1404,781,237,109,17,79,200801
802,402,-34.57481,-58.415855,20,Grupo id: 20,1398,773,237,109,17,79,200802
803,877,-34.574314,-58.4168,20,Grupo id: 20,1387,766,237,109,17,79,200803
804,757,-34.5734,-58.418518,20,Grupo id: 20,1367,753,237,109,17,79,200804
805,569,-34.572975,-58.41972,20,Grupo id: 20,1353,747,237,109,17,79,200805
806,458,-34.57262,-58.420406,20,Grupo id: 20,1345,742,237,109,17,79,
807,591,-34.57227,-58.421352,20,Grupo id: 20,1334,737,237,109,17,79,
808,287,-34.571846,-58.42221,20,Grupo id: 20,1324,731,237,109,17,79,
809,545,-34.57149,-58.42307,20,Grupo id: 20,1314,726,237,109,17,79,
810,323,-34.57114,-58.424015,20,Grupo id: 20,1303,721,237,109,17,79,
811,952,-34.56881,-58.428135,20,Grupo id: 20,1255,688,237,109,17,79,
812,713,-34.56803,-58.429337,20,Grupo id: 20,1241,677,237,109,17,79,
813,220,-34.567257,-58.430798,20,Grupo id: 20,1224,666,237,109,17,79,
814,989,-34.56676,-58.431744,20,Grupo id: 20,1213,659,237,109,17,79,
815,439,-34.56641,-58.43226,20,Grupo id: 20,1207,654,237,109,17,79,
816,134,-34.565987,-58.43303,20,Grupo id: 20,1198,648,237,109,17,79,
817,12,-34.56535,-58.434063,20,Grupo id: 20,1186,639,237,109,17,79,
818,608,-34.564644,-58.435265,20,Grupo id: 20,1172,629,237,109,17,79,
819,440,-34.564007,-58.43638,20,Grupo id: 20,1159,620,237,109,17,79,
820,718,-34.563374,-58.437412,20,Grupo id: 20,1147,611,237,109,17,79,
821,498,-34.56309,-58.438354,20,Grupo id: 20,1136,607,237,109,17,79,
822,977,-34.56281,-58.439816,20,Grupo id: 20,1119,603,237,109,17,79,
823,695,-34.562668,-58.44145,20,Grupo id: 20,1100,601,237,109,17,79,
824,934,-34.562313,-58.442734,20,Grupo id: 20,1085,596,237,109,17,79,
825,952,-34.56168,-58.443764,20,Grupo id: 20,1073,587,237,109,17,79,
826,869,-34.56076,-58.44454,20,Grupo id: 20,1064,574,237,109,17,79,
827,376,-34.558926,-58.446083,20,Grupo id: 20,1046,548,237,109,17,79,
828,877,-34.55808,-58.446857,20,Grupo id: 20,1037,536,237,109,17,79,
829,622,-34.55744,-58.447285,20,Grupo id: 20,1032,527,237,109,17,79,
830,57,-34.556526,-58.448143,20,Grupo id: 20,1022,514,237,109,17,79,
831,770,-34.555748,-58.448833,20,Grupo id: 20,1014,503,237,109,17,79,
832,422,-34.555042,-58.449432,20,Grupo id: 20,1007,493,237,109,17,79,
833,616,-34.554264,-58.45012,20,Grupo id: 20,999,482,237,109,17,79,
834,120,-34.553417,-58.45072,20,Grupo id: 20,992,470,237,109,17,79,
835,661,-34.552784,-58.45141,20,Grupo id: 20,984,461,237,109,17,79,
836,991,-34.552147,-58.451923,20,Grupo id: 20,978,452,237,109,17,79,
837,16,-34.55109,-58.45278,20,Grupo id: 20,968,437,237,109,17,79,
838,466,-34.55024,-58.45364,20,Grupo id: 20,958,425,237,109,17,79,
839,934,-34.549465,-58.454586,20,Grupo id: 20,947,414,237,109,17,79,
840,461,-34.548477,-58.455616,20,Grupo id: 20,935,400,237,109,17,79,
841,391,-34.54777,-58.456303,20,Grupo id: 20,927,390,237,109,17,79,
842,616,-34.547134,-58.45716,20,Grupo id: 20,917,381,237,109,17,79,
843,998,-34.5465,-58.45802,20,Grupo id: 20,907,372,237,109,17,79,
844,641,-34.545795,-58.458878,20,Grupo id: 20,897,362,237,109,17,79,
845,846,-34.545086,-58.459652,20,Grupo id: 20,888,352,237,109,17,79,
846,535,-34.544453,-58.460426,20,Grupo id: 20,879,343,237,109,17,79,
847,412,-34.543747,-58.461197,20,Grupo id: 20,870,333,237,109,17,79,
848,846,-34.54325,-58.46171,20,Grupo id: 20,864,326,237,109,17,79,
849,429,-34.542618,-58.462486,20,Grupo id: 20,855,317,237,109,17,79,
850,770,-34.54184,-58.463173,20,Grupo id: 20,847,306,237,109,17,79,
851,447,-34.54071,-58.46412,20,Grupo id: 20,836,290,237,109,17,79,
852,511,-34.539932,-58.464634,20,Grupo id: 20,830,279,237,109,17,79,
853,929,-34.539085,-58.46515,20,Grupo id: 20,824,267,237,109,17,79,
854,903,-34.537888,-58.465748,20,Grupo id: 20,817,250,237,109,17,79,
855,390,-34.536827,-58.466522,20,Grupo id: 20,808,235,237,109,17,79,
856,302,-34.536053,-58.467037,20,Grupo id: 20,802,224,237,109,17,79,
857,315,-34.53598,-58.466778,21,Grupo id: 21,805,223,21,195,46,80,
858,975,-34.536686,-58.466263,21,Grupo id: 21,811,233,21,195,46,80,
859,957,-34.537746,-58.465576,21,Grupo id: 21,819,248,21,195,46,80,
860,267,-34.538944,-58.46489,21,Grupo id: 21,827,265,21,195,46,80,
861,988,-34.53979,-58.464462,21,Grupo id: 21,832,277,21,195,46,80,
862,764,-34.54212,-58.46257,21,Grupo id: 21,854,310,21,195,46,80,
863,98,-34.54325,-58.461285,21,Grupo id: 21,869,326,21,195,46,80,
864,785,-34.543816,-58.460682,21,Grupo id: 21,876,334,21,195,46,80,
865,426,-34.544453,-58.459824,21,Grupo id: 21,886,343,21,195,46,80,
866,0,-34.545086,-58.45931,21,Grupo id: 21,892,352,21,195,46,80,
867,122,-34.545723,-58.458534,21,Grupo id: 21,901,361,21,195,46,80,
868,301,-34.54622,-58.457676,21,Grupo id: 21,911,368,21,195,46,80,
869,972,-34.546925,-58.456905,21,Grupo id: 21,920,378,21,195,46,80,
870,562,-34.5477,-58.45596,21,Grupo id: 21,931,389,21,195,46,80,
871,629,-34.548336,-58.455273,21,Grupo id: 21,939,398,21,195,46,80,
872,50,-34.54925,-58.454155,21,Grupo id: 21,952,411,21,195,46,80,
873,186,-34.54989,-58.453384,21,Grupo id: 21,961,420,21,195,46,80,
874,816,-34.550877,-58.45261,21,Grupo id: 21,970,434,21,195,46,80,
875,280,-34.551937,-58.451664,21,Grupo id: 21,981,449,21,195,46,80,
876,762,-34.552994,-58.45072,21,Grupo id: 21,992,464,21,195,46,80,
877,422,-34.556244,-58.44806,21,Grupo id: 21,1023,510,21,195,46,80,
878,201,-34.55709,-58.447113,21,Grupo id: 21,1034,522,21,195,46,80,
879,344,-34.558006,-58.446342,21,Grupo id: 21,1043,535,21,195,46,80,
880,107,-34.558853,-58.44574,21,Grupo id: 21,1050,547,21,195,46,80,
881,303,-34.5609,-58.444023,21,Grupo id: 21,1070,576,21,195,46,80,
882,740,-34.56168,-58.442905,21,Grupo id: 21,1083,587,21,195,46,80,
883,833,-34.562172,-58.441875,21,Grupo id: 21,1095,594,21,195,46,80,
884,337,-34.562454,-58.44016,21,Grupo id: 21,1115,598,21,195,46,80,
885,29,-34.562878,-58.438183,21,Grupo id: 21,1138,604,21,195,46,80,
886,631,-34.56316,-58.437153,21,Grupo id: 21,1150,608,21,195,46,80,
887,84,-34.563866,-58.436035,21,Grupo id: 21,1163,618,21,195,46,80,
888,376,-34.564503,-58.435093,21,Grupo id: 21,1174,627,21,195,46,80,
889,579,-34.565136,-58.43389,21,Grupo id: 21,1188,636,21,195,46,80,
890,14,-34.565704,-58.43303,21,Grupo id: 21,1198,644,21,195,46,80,
891,207,-34.566128,-58.432087,21,Grupo id: 21,1209,650,21,195,46,80,
892,984,-34.56662,-58.431484,21,Grupo id: 21,1216,657,21,195,46,80,
893,404,-34.566975,-58.430798,21,Grupo id: 21,1224,662,21,195,46,80,
894,191,-34.56782,-58.429165,21,Grupo id: 21,1243,674,21,195,46,80,
895,388,-34.568596,-58.427963,21,Grupo id: 21,1257,685,21,195,46,80,
896,871,-34.569233,-58.426678,21,Grupo id: 21,1272,694,21,195,46,80,
897,930,-34.569866,-58.42556,21,Grupo id: 21,1285,703,21,195,46,80,
898,908,-34.570644,-58.4241,21,Grupo id: 21,1302,714,21,195,46,80,
899,169,-34.571068,-58.422897,21,Grupo id: 21,1316,720,21,195,46,80,
900,318,-34.571423,-58.42204,21,Grupo id: 21,1326,725,21,195,46,80,
901,870,-34.571915,-58.42101,21,Grupo id: 21,1338,732,21,195,46,80,
902,717,-34.57234,-58.41998,21,Grupo id: 21,1350,738,21,195,46,80,
903,283,-34.57262,-58.419292,21,Grupo id: 21,1358,742,21,195,46,80,
904,819,-34.573185,-58.418175,21,Grupo id: 21,1371,750,21,195,46,80,
905,636,-34.573822,-58.41663,21,Grupo id: 21,1389,759,21,195,46,80,
906,250,-34.574314,-58.415512,21,Grupo id: 21,1402,766,21,195,46,80,
907,132,-34.57488,-58.41474,21,Grupo id: 21,1411,774,21,195,46,80,
908,294,-34.575375,-58.4144,21,Grupo id: 21,1415,781,21,195,46,80,
909,708,-34.589775,-58.380306,22,Grupo id: 22,1812,985,248,26,36,81,
910,959,-34.590553,-58.37893,22,Grupo id: 22,1828,996,248,26,36,81,
911,76,-34.591118,-58.37816,22,Grupo id: 22,1837,1004,248,26,36,81,
912,330,-34.591755,-58.377213,22,Grupo id: 22,1848,1013,248,26,36,81,
913,50,-34.59232,-58.376354,22,Grupo id: 22,1858,1021,248,26,36,81,
914,465,-34.593025,-58.375496,22,Grupo id: 22,1868,1031,248,26,36,81,
915,194,-34.59366,-58.374294,22,Grupo id: 22,1882,1040,248,26,36,81,
916,307,-34.594364,-58.373608,22,Grupo id: 22,1890,1050,248,26,36,81,
917,593,-34.59493,-58.373093,22,Grupo id: 22,1896,1058,248,26,36,81,
918,452,-34.59606,-58.37249,22,Grupo id: 22,1903,1074,248,26,36,81,
919,342,-34.596485,-58.372402,22,Grupo id: 22,1904,1080,248,26,36,81,
920,164,-34.598953,-58.3712,22,Grupo id: 22,1918,1115,248,26,36,81,
921,514,-34.5998,-58.370945,22,Grupo id: 22,1921,1127,248,26,36,81,
922,809,-34.60199,-58.3706,22,Grupo id: 22,1925,1158,248,26,36,81,
923,769,-34.602627,-58.370514,22,Grupo id: 22,1926,1167,248,26,36,81,
924,255,-34.603615,-58.37043,22,Grupo id: 22,1927,1181,248,26,36,81,
925,916,-34.60453,-58.37043,22,Grupo id: 22,1927,1194,248,26,36,81,
926,827,-34.605663,-58.37026,22,Grupo id: 22,1929,1210,248,26,36,81,
927,219,-34.60672,-58.37017,22,Grupo id: 22,1930,1225,248,26,36,81,
928,52,-34.607216,-58.36923,22,Grupo id: 22,1941,1232,248,26,36,81,
929,751,-34.6075,-58.368282,22,Grupo id: 22,1952,1236,248,26,36,81,
930,739,-34.60877,-58.368366,22,Grupo id: 22,1951,1254,248,26,36,81,
931,632,-34.60898,-58.369312,22,Grupo id: 22,1940,1257,248,26,36,81,
932,943,-34.60926,-58.369656,22,Grupo id: 22,1936,1261,248,26,36,81,
933,237,-34.61018,-58.369656,22,Grupo id: 22,1936,1274,248,26,36,81,
934,698,-34.61145,-58.369656,22,Grupo id: 22,1936,1292,248,26,36,81,
935,927,-34.61385,-58.36957,22,Grupo id: 22,1937,1326,248,26,36,81,
936,885,-34.615475,-58.369484,22,Grupo id: 22,1938,1349,248,26,36,81,
937,82,-34.616535,-58.3694,22,Grupo id: 22,1939,1364,248,26,36,81,
938,723,-34.617664,-58.369743,22,Grupo id: 22,1935,1380,248,26,36,81,
939,713,-34.618652,-58.369312,22,Grupo id: 22,1940,1394,248,26,36,81,
940,995,-34.61978,-58.368885,22,Grupo id: 22,1945,1410,248,26,36,81,
941,171,-34.62077,-58.36871,22,Grupo id: 22,1947,1424,248,26,36,81,
942,440,-34.62169,-58.368538,22,Grupo id: 22,1949,1437,248,26,36,81,
943,853,-34.62331,-58.368454,22,Grupo id: 22,1950,1460,248,26,36,81,
944,318,-34.62437,-58.368282,22,Grupo id: 22,1952,1475,248,26,36,81,
945,596,-34.625996,-58.368282,22,Grupo id: 22,1952,1498,248,26,36,81,
946,768,-34.627193,-58.368282,22,Grupo id: 22,1952,1515,248,26,36,81,
947,709,-34.634678,-58.52809,23,Grupo id: 23,91,1621,169,219,71,82,
948,514,-34.636585,-58.52148,23,Grupo id: 23,168,1648,169,219,71,82,
949,944,-34.634888,-58.512978,23,Grupo id: 23,267,1624,169,219,71,82,
950,56,-34.63602,-58.503704,23,Grupo id: 23,375,1640,169,219,71,82,
951,250,-34.638065,-58.494087,23,Grupo id: 23,487,1669,169,219,71,82,
952,862,-34.64463,-58.487217,23,Grupo id: 23,567,1762,169,219,71,82,
953,442,-34.648937,-58.473564,23,Grupo id: 23,726,1823,169,219,71,82,
954,127,-34.64809,-58.464806,23,Grupo id: 23,828,1811,169,219,71,82,
955,131,-34.645905,-58.463516,23,Grupo id: 23,843,1780,169,219,71,82,
956,426,-34.637856,-58.45587,23,Grupo id: 23,932,1666,169,219,71,82,
957,622,-34.633266,-58.443592,23,Grupo id: 23,1075,1601,169,219,71,82,
958,980,-34.62882,-58.42779,23,Grupo id: 23,1259,1538,169,219,71,82,
959,490,-34.62656,-58.41036,23,Grupo id: 23,1462,1506,169,219,71,82,
960,422,-34.625713,-58.402203,23,Grupo id: 23,1557,1494,169,219,71,82,
961,633,-34.624794,-58.39834,23,Grupo id: 23,1602,1481,169,219,71,82,
962,233,-34.623806,-58.394043,23,Grupo id: 23,1652,1467,169,219,71,82,
963,585,-34.6231,-58.388893,23,Grupo id: 23,1712,1457,169,219,71,82,
964,429,-34.622677,-58.384426,23,Grupo id: 23,1764,1451,169,219,71,82,
965,541,-34.622677,-58.380733,23,Grupo id: 23,1807,1451,169,219,71,82,
966,417,-34.622677,-58.375668,23,Grupo id: 23,1866,1451,169,219,71,82,
967,597,-34.622253,-58.370773,23,Grupo id: 23,1923,1445,169,219,71,82,
968,499,-34.622746,-58.364933,23,Grupo id: 23,1991,1452,169,219,71,82,
969,861,-34.624653,-58.36236,23,Grupo id: 23,2021,1479,169,219,71,82,
970,620,-34.626488,-58.359093,23,Grupo id: 23,2059,1505,169,219,71,82,
971,413,-34.628536,-58.355915,23,Grupo id: 23,2096,1534,169,219,71,82,
972,37,-34.631783,-58.35351,23,Grupo id: 23,2124,1580,169,219,71,82,
973,708,-34.63595,-58.353252,23,Grupo id: 23,2127,1639,169,219,71,82,
974,203,-34.639053,-58.35231,23,Grupo id: 23,2138,1683,169,219,71,82,
975,263,-34.642303,-58.35042,23,Grupo id: 23,2160,1729,169,219,71,82,
976,55,-34.64569,-58.350334,23,Grupo id: 23,2161,1777,169,219,71,82,
977,171,-34.64901,-58.351967,23,Grupo id: 23,2142,1824,169,219,71,82,
978,976,-34.652397,-58.352737,23,Grupo id: 23,2133,1872,169,219,71,82,
979,524,-34.655434,-58.351192,23,Grupo id: 23,2151,1915,169,219,71,82,
980,210,-34.658257,-58.349304,23,Grupo id: 23,2173,1955,169,219,71,82,
981,396,-34.66073,-58.3475,23,Grupo id: 23,2194,1990,169,219,71,82,
982,458,-34.66355,-58.344666,23,Grupo id: 23,2227,2030,169,219,71,82,
983,280,-34.666023,-58.342777,23,Grupo id: 23,2249,2065,169,219,71,82,
984,503,-34.66955,-58.339,23,Grupo id: 23,2293,2115,169,219,71,82,
985,792,-34.669907,-58.339344,24,Grupo id: 24,2289,2120,136,167,192,83,
986,827,-34.666306,-58.34338,24,Grupo id: 24,2242,2069,136,167,192,83,
987,883,-34.663692,-58.34518,24,Grupo id: 24,2221,2032,136,167,192,83,
988,988,-34.66087,-58.34793,24,Grupo id: 24,2189,1992,136,167,192,83,
989,853,-34.65847,-58.349907,24,Grupo id: 24,2166,1958,136,167,192,83,
990,65,-34.65247,-58.35351,24,Grupo id: 24,2124,1873,136,167,192,83,
991,408,-34.648727,-58.352566,24,Grupo id: 24,2135,1820,136,167,192,83,
992,157,-34.64555,-58.35085,24,Grupo id: 24,2155,1775,136,167,192,83,
993,112,-34.642445,-58.35102,24,Grupo id: 24,2153,1731,136,167,192,83,
994,138,-34.639267,-58.352825,24,Grupo id: 24,2132,1686,136,167,192,83,
995,436,-34.63602,-58.353855,24,Grupo id: 24,2120,1640,136,167,192,83,
996,372,-34.631924,-58.353943,24,Grupo id: 24,2119,1582,136,167,192,83,
997,520,-34.62896,-58.356346,24,Grupo id: 24,2091,1540,136,167,192,83,
998,290,-34.62691,-58.359436,24,Grupo id: 24,2055,1511,136,167,192,83,
999,542,-34.625076,-58.362873,24,Grupo id: 24,2015,1485,136,167,192,83,
1000,663,-34.62324,-58.36562,24,Grupo id: 24,1983,1459,136,167,192,83,
1001,51,-34.622746,-58.370945,24,Grupo id: 24,1921,1452,136,167,192,83,
1002,743,-34.62324,-58.375668,24,Grupo id: 24,1866,1459,136,167,192,83,
1003,906,-34.6231,-58.38056,24,Grupo id: 24,1809,1457,136,167,192,83,
1004,724,-34.62317,-58.384598,24,Grupo id: 24,1762,1458,136,167,192,83,
1005,7,-34.623592,-58.388893,24,Grupo id: 24,1712,1464,136,167,192,83,
1006,800,-34.6243,-58.39396,24,Grupo id: 24,1653,1474,136,167,192,83,
1007,502,-34.625286,-58.397823,24,Grupo id: 24,1608,1488,136,167,192,83,
1008,776,-34.626137,-58.402115,24,Grupo id: 24,1558,1500,136,167,192,83,
1009,140,-34.62691,-58.410446,24,Grupo id: 24,1461,1511,136,167,192,83,
1010,549,-34.629242,-58.427708,24,Grupo id: 24,1260,1544,136,167,192,83,
1011,848,-34.633476,-58.442734,24,Grupo id: 24,1085,1604,136,167,192,83,
1012,32,-34.638348,-58.45553,24,Grupo id: 24,936,1673,136,167,192,83,
1013,535,-34.646114,-58.46283,24,Grupo id: 24,851,1783,136,167,192,83,
1014,911,-34.649433,-58.473736,24,Grupo id: 24,724,1830,136,167,192,83,
1015,451,-34.645054,-58.48756,24,Grupo id: 24,563,1768,136,167,192,83,
1016,707,-34.638065,-58.495033,24,Grupo id: 24,476,1669,136,167,192,83,
1017,244,-34.636444,-58.503704,24,Grupo id: 24,375,1646,136,167,192,83,
1018,532,-34.635384,-58.512634,24,Grupo id: 24,271,1631,136,167,192,83,
1019,863,-34.637077,-58.52148,24,Grupo id: 24,168,1655,136,167,192,83,
1020,31,-34.635242,-58.52835,24,Grupo id: 24,88,1629,136,167,192,83,
1021,514,-34.686073,-58.4843,25,Grupo id: 25,601,2349,159,69,182,84,
1022,387,-34.67838,-58.479145,25,Grupo id: 25,661,2240,159,69,182,84,
1023,336,-34.6716,-58.47631,25,Grupo id: 25,694,2144,159,69,182,84,
1024,724,-34.663765,-58.47279,25,Grupo id: 25,735,2033,159,69,182,84,
1025,899,-34.654305,-58.468582,25,Grupo id: 25,784,1899,159,69,182,84,
1026,585,-34.64936,-58.46506,25,Grupo id: 25,825,1829,159,69,182,84,
1027,296,-34.68565,-58.484985,26,Grupo id: 26,593,2343,234,57,246,85,
1028,457,-34.678307,-58.47992,26,Grupo id: 26,652,2239,234,57,246,85,
1029,527,-34.67146,-58.476913,26,Grupo id: 26,687,2142,234,57,246,85,
1030,212,-34.66334,-58.473305,26,Grupo id: 26,729,2027,234,57,246,85,
1031,1,-34.654163,-58.469013,26,Grupo id: 26,779,1897,234,57,246,85,
1032,973,-34.64936,-58.465748,26,Grupo id: 26,817,1829,234,57,246,85,
1033,585,-34.70478,-58.46051,27,Grupo id: 27,878,2614,138,128,75,86,
1034,517,-34.700264,-58.46738,27,Grupo id: 27,798,2550,138,128,75,86,
1035,435,-34.694405,-58.47485,27,Grupo id: 27,711,2467,138,128,75,86,
1036,577,-34.689533,-58.481464,27,Grupo id: 27,634,2398,138,128,75,86,
1037,934,-34.68466,-58.48799,27,Grupo id: 27,558,2329,138,128,75,86,
1038,474,-34.679153,-58.495205,27,Grupo id: 27,474,2251,138,128,75,86,
1039,202,-34.671177,-58.50585,27,Grupo id: 27,350,2138,138,128,75,86,
1040,279,-34.663692,-58.51564,27,Grupo id: 27,236,2032,138,128,75,86,
1041,794,-34.65727,-58.524227,27,Grupo id: 27,136,1941,138,128,75,86,
1042,460,-34.646114,-58.528954,27,Grupo id: 27,81,1783,138,128,75,86,
1043,516,-34.635242,-58.529896,27,Grupo id: 27,70,1629,138,128,75,86,
1044,445,-34.633125,-58.529984,27,Grupo id: 27,69,1599,138,128,75,86,
1045,686,-34.62345,-58.530327,27,Grupo id: 27,65,1462,138,128,75,86,
1046,172,-34.610676,-58.52861,27,Grupo id: 27,85,1281,138,128,75,86,
1047,142,-34.602062,-58.524487,27,Grupo id: 27,133,1159,138,128,75,86,
1048,65,-34.59133,-58.519333,27,Grupo id: 27,193,1007,138,128,75,86,
1049,141,-34.58208,-58.51504,27,Grupo id: 27,243,876,138,128,75,86,
1050,140,-34.57128,-58.510147,27,Grupo id: 27,300,723,138,128,75,86,
1051,489,-34.559418,-58.50448,27,Grupo id: 27,366,555,138,128,75,86,
1052,215,-34.549324,-58.498383,27,Grupo id: 27,437,412,138,128,75,86,
1053,292,-34.545723,-58.490223,27,Grupo id: 27,532,361,138,128,75,86,
1054,349,-34.54276,-58.48344,27,Grupo id: 27,611,319,138,128,75,86,
1055,358,-34.539017,-58.475452,27,Grupo id: 27,704,266,138,128,75,86,
1056,274,-34.535347,-58.467037,27,Grupo id: 27,802,214,138,128,75,86,
1057,461,-34.53506,-58.46738,28,Grupo id: 28,798,210,200,118,157,87,
1058,543,-34.538593,-58.47571,28,Grupo id: 28,701,260,200,118,157,87,
1059,601,-34.542404,-58.483784,28,Grupo id: 28,607,314,200,118,157,87,
1060,93,-34.5453,-58.490566,28,Grupo id: 28,528,355,200,118,157,87,
1061,894,-34.54897,-58.49864,28,Grupo id: 28,434,407,200,118,157,87,
1062,527,-34.55935,-58.504906,28,Grupo id: 28,361,554,200,118,157,87,
1063,928,-34.57135,-58.510662,28,Grupo id: 28,294,724,200,118,157,87,
1064,75,-34.58187,-58.51547,28,Grupo id: 28,238,873,200,118,157,87,
1065,515,-34.591118,-58.519936,28,Grupo id: 28,186,1004,200,118,157,87,
1066,938,-34.60213,-58.525173,28,Grupo id: 28,125,1160,200,118,157,87,
1067,257,-34.610535,-58.529125,28,Grupo id: 28,79,1279,200,118,157,87,
1068,289,-34.623524,-58.530754,28,Grupo id: 28,60,1463,200,118,157,87,
1069,980,-34.633335,-58.53041,28,Grupo id: 28,64,1602,200,118,157,87,
1070,385,-34.635597,-58.53041,28,Grupo id: 28,64,1634,200,118,157,87,
1071,459,-34.646114,-58.529552,28,Grupo id: 28,74,1783,200,118,157,87,
1072,418,-34.65755,-58.52466,28,Grupo id: 28,131,1945,200,118,157,87,
1073,229,-34.663975,-58.515984,28,Grupo id: 28,232,2036,200,118,157,87,
1074,382,-34.67153,-58.506023,28,Grupo id: 28,348,2143,200,118,157,87,
1075,186,-34.679577,-58.49546,28,Grupo id: 28,471,2257,200,118,157,87,
1076,806,-34.68551,-58.488075,28,Grupo id: 28,557,2341,200,118,157,87,
1077,368,-34.689884,-58.48189,28,Grupo id: 28,629,2403,200,118,157,87,
1078,780,-34.694332,-58.475967,28,Grupo id: 28,698,2466,200,118,157,87,
1079,686,-34.700687,-58.467724,28,Grupo id: 28,794,2556,200,118,157,87,
1080,491,-34.7057,-58.461197,28,Grupo id: 28,870,2627,200,118,157,87,
1081,249,-34.623665,-58.381165,29,Grupo id: 29,1802,1465,72,149,239,88,
1082,807,-34.625996,-58.380047,29,Grupo id: 29,1815,1498,72,149,239,88,
1083,739,-34.628605,-58.379017,29,Grupo id: 29,1827,1535,72,149,239,88,
1084,447,-34.631714,-58.378845,29,Grupo id: 29,1829,1579,72,149,239,88,
1085,85,-34.63376,-58.378414,29,Grupo id: 29,1834,1608,72,149,239,88,
1086,854,-34.636654,-58.377644,29,Grupo id: 29,1843,1649,72,149,239,88,
1087,138,-34.639973,-58.37687,29,Grupo id: 29,1852,1696,72,149,239,88,
1088,591,-34.642868,-58.376266,29,Grupo id: 29,1859,1737,72,149,239,88,
1089,55,-34.64541,-58.375668,29,Grupo id: 29,1866,1773,72,149,239,88,
1090,201,-34.648163,-58.374638,29,Grupo id: 29,1878,1812,72,149,239,88,
1091,610,-34.649784,-58.37369,29,Grupo id: 29,1889,1835,72,149,239,88,
1092,30,-34.652187,-58.372574,29,Grupo id: 29,1902,1869,72,149,239,88,
1093,423,-34.654514,-58.371887,29,Grupo id: 29,1910,1902,72,149,239,88,
1098,297,-34.582928,-58.396793,30,Grupo id: 30,1620,888,138,225,132
1099,852,-34.583565,-58.397736,30,Grupo id: 30,1609,897,138,225,132
1100,254,-34.58314,-58.397995,30,Grupo id: 30,1606,891,138,225,132
1101,741,-34.583424,-58.39645,30,Grupo id: 30,1624,895,138,225,132